t_s;cpu.degc;disk.extraction_moy;disk.cpu_noctua;disk.case_group;fan.top_out;fan.rear_out
0.01;41.3;954.0;260.0;831.0;638.0;1270.0
1.02;41.3;954.0;260.0;831.0;638.0;1270.0
2.01;41.3;954.0;260.0;831.0;638.0;1270.0
3.21;41.3;954.0;260.0;831.0;638.0;1270.0
4.01;40.8;950.0;255.0;831.0;636.0;1264.0
5.01;40.8;950.0;255.0;831.0;636.0;1264.0
6.01;40.8;950.0;255.0;831.0;636.0;1264.0
7.02;40.8;950.0;255.0;831.0;636.0;1264.0
8.01;40.8;951.0;249.0;831.0;635.0;1267.0
9.01;40.8;951.0;249.0;831.0;635.0;1267.0
10.01;40.8;951.0;249.0;831.0;635.0;1267.0
11.01;40.0;951.0;249.0;831.0;635.0;1267.0
12.01;40.0;959.0;261.0;837.0;646.0;1272.0
13.01;40.0;959.0;261.0;837.0;646.0;1272.0
14.01;40.0;959.0;261.0;837.0;646.0;1272.0
15.01;39.3;959.0;261.0;837.0;646.0;1272.0
16.23;39.3;955.0;261.0;835.0;640.0;1269.0
17.01;39.3;955.0;261.0;835.0;640.0;1269.0
18.01;39.3;955.0;261.0;835.0;640.0;1269.0
19.01;40.3;955.0;261.0;835.0;640.0;1269.0
20.01;40.3;955.0;259.0;835.0;644.0;1267.0
21.27;40.3;955.0;259.0;835.0;644.0;1267.0
22.01;40.3;955.0;259.0;835.0;644.0;1267.0
23.01;41.0;955.0;259.0;835.0;644.0;1267.0
24.01;41.0;953.0;260.0;831.0;640.0;1265.0
25.01;41.0;953.0;260.0;831.0;640.0;1265.0
26.02;41.0;953.0;260.0;831.0;640.0;1265.0
27.01;40.5;953.0;260.0;831.0;640.0;1265.0
28.01;40.5;954.0;259.0;830.0;641.0;1268.0
29.01;40.5;954.0;259.0;830.0;641.0;1268.0
30.01;40.5;954.0;259.0;830.0;641.0;1268.0
31.05;40.5;954.0;259.0;830.0;641.0;1268.0
32.01;40.8;954.0;259.0;830.0;641.0;1268.0
33.01;40.8;952.0;257.0;832.0;638.0;1266.0
34.01;40.8;952.0;257.0;832.0;638.0;1266.0
35.01;40.8;952.0;257.0;832.0;638.0;1266.0
36.01;39.3;952.0;257.0;832.0;638.0;1266.0
37.01;39.3;956.0;258.0;832.0;642.0;1269.0
38.01;39.3;956.0;258.0;832.0;642.0;1269.0
39.01;39.3;956.0;258.0;832.0;642.0;1269.0
40.01;40.5;956.0;258.0;832.0;642.0;1269.0
41.01;40.5;954.0;259.0;833.0;638.0;1269.0
42.01;40.5;954.0;259.0;833.0;638.0;1269.0
43.16;40.5;954.0;259.0;833.0;638.0;1269.0
44.01;40.8;954.0;259.0;833.0;638.0;1269.0
45.01;40.8;951.0;257.0;830.0;637.0;1266.0
46.01;40.8;951.0;257.0;830.0;637.0;1266.0
47.01;40.8;951.0;257.0;830.0;637.0;1266.0
48.02;40.8;951.0;257.0;830.0;637.0;1266.0
49.01;41.0;962.0;267.0;840.0;650.0;1274.0
50.01;41.0;962.0;267.0;840.0;650.0;1274.0
51.01;41.0;962.0;267.0;840.0;650.0;1274.0
52.01;41.0;962.0;267.0;840.0;650.0;1274.0
53.01;39.5;954.0;260.0;836.0;640.0;1269.0
54.01;39.5;954.0;260.0;836.0;640.0;1269.0
55.02;39.5;954.0;260.0;836.0;640.0;1269.0
56.01;40.8;954.0;260.0;836.0;640.0;1269.0
57.01;40.8;961.0;261.0;835.0;651.0;1272.0
58.01;40.8;961.0;261.0;835.0;651.0;1272.0
59.01;40.8;961.0;261.0;835.0;651.0;1272.0
60.01;40.8;961.0;261.0;835.0;651.0;1272.0
61.07;42.0;958.0;267.0;840.0;650.0;1267.0
62.01;42.0;958.0;267.0;840.0;650.0;1267.0
63.01;42.0;958.0;267.0;840.0;650.0;1267.0
64.01;42.0;958.0;267.0;840.0;650.0;1267.0
65.01;42.0;981.0;286.0;857.0;680.0;1282.0
66.01;42.0;981.0;286.0;857.0;680.0;1282.0
67.01;42.0;981.0;286.0;857.0;680.0;1282.0
68.01;39.8;981.0;286.0;857.0;680.0;1282.0
69.01;39.8;953.0;259.0;835.0;638.0;1267.0
70.01;39.8;953.0;259.0;835.0;638.0;1267.0
71.01;39.8;953.0;259.0;835.0;638.0;1267.0
72.01;39.0;953.0;259.0;835.0;638.0;1267.0
73.01;39.0;958.0;261.0;834.0;646.0;1270.0
74.01;39.0;958.0;261.0;834.0;646.0;1270.0
75.01;39.0;958.0;261.0;834.0;646.0;1270.0
76.01;39.5;958.0;261.0;834.0;646.0;1270.0
77.01;39.5;954.0;259.0;831.0;641.0;1267.0
78.12;39.5;954.0;259.0;831.0;641.0;1267.0
79.01;39.5;954.0;259.0;831.0;641.0;1267.0
80.01;40.8;954.0;259.0;831.0;641.0;1267.0
81.01;40.8;958.0;261.0;836.0;646.0;1269.0
82.31;40.8;958.0;261.0;836.0;646.0;1269.0
83.01;40.8;958.0;261.0;836.0;646.0;1269.0
84.01;41.0;958.0;261.0;836.0;646.0;1269.0
85.01;41.0;959.0;259.0;836.0;645.0;1273.0
86.01;41.0;959.0;259.0;836.0;645.0;1273.0
87.01;41.0;959.0;259.0;836.0;645.0;1273.0
88.18;41.0;959.0;259.0;836.0;645.0;1273.0
89.01;42.0;952.0;257.0;834.0;640.0;1265.0
90.01;42.0;952.0;257.0;834.0;640.0;1265.0
91.01;42.0;952.0;257.0;834.0;640.0;1265.0
92.01;39.3;952.0;257.0;834.0;640.0;1265.0
93.01;39.3;958.0;261.0;837.0;646.0;1270.0
94.01;39.3;958.0;261.0;837.0;646.0;1270.0
95.01;39.3;958.0;261.0;837.0;646.0;1270.0
96.01;40.0;958.0;261.0;837.0;646.0;1270.0
97.01;40.0;940.0;242.0;825.0;619.0;1261.0
98.01;40.0;940.0;242.0;825.0;619.0;1261.0
99.05;40.0;940.0;242.0;825.0;619.0;1261.0
100.01;40.8;940.0;242.0;825.0;619.0;1261.0
101.01;40.8;954.0;258.0;834.0;640.0;1268.0
102.01;40.8;954.0;258.0;834.0;640.0;1268.0
103.01;40.8;954.0;258.0;834.0;640.0;1268.0
104.01;40.3;954.0;258.0;834.0;640.0;1268.0
105.01;40.3;958.0;262.0;835.0;646.0;1270.0
106.43;40.3;958.0;262.0;835.0;646.0;1270.0
107.01;40.3;958.0;262.0;835.0;646.0;1270.0
108.01;40.5;958.0;262.0;835.0;646.0;1270.0
109.01;40.5;956.0;260.0;835.0;643.0;1269.0
110.05;40.5;956.0;260.0;835.0;643.0;1269.0
111.01;40.5;956.0;260.0;835.0;643.0;1269.0
112.01;41.0;956.0;260.0;835.0;643.0;1269.0
113.01;41.0;957.0;260.0;833.0;644.0;1270.0
114.01;41.0;957.0;260.0;833.0;644.0;1270.0
115.01;41.0;957.0;260.0;833.0;644.0;1270.0
116.01;41.0;957.0;260.0;833.0;644.0;1270.0
117.01;41.0;965.0;269.0;839.0;654.0;1276.0
118.01;41.0;965.0;269.0;839.0;654.0;1276.0
119.01;41.0;965.0;269.0;839.0;654.0;1276.0
120.25;41.0;965.0;269.0;839.0;654.0;1276.0
121.01;40.8;953.0;258.0;831.0;637.0;1269.0
122.01;40.8;953.0;258.0;831.0;637.0;1269.0
123.01;40.8;953.0;258.0;831.0;637.0;1269.0
124.01;39.3;953.0;258.0;831.0;637.0;1269.0
125.01;39.3;954.0;258.0;832.0;640.0;1268.0
126.01;39.3;954.0;258.0;832.0;640.0;1268.0
127.01;39.3;954.0;258.0;832.0;640.0;1268.0
128.01;40.8;954.0;258.0;832.0;640.0;1268.0
129.01;40.8;950.0;253.0;826.0;632.0;1267.0
130.09;40.8;950.0;253.0;826.0;632.0;1267.0
131.02;40.8;950.0;253.0;826.0;632.0;1267.0
132.01;40.8;950.0;253.0;826.0;632.0;1267.0
133.01;40.8;958.0;258.0;832.0;644.0;1271.0
134.01;40.8;958.0;258.0;832.0;644.0;1271.0
135.01;40.8;958.0;258.0;832.0;644.0;1271.0
136.01;39.0;958.0;258.0;832.0;644.0;1271.0
137.01;39.0;947.0;243.0;832.0;626.0;1268.0
138.01;39.0;947.0;243.0;832.0;626.0;1268.0
139.51;39.0;947.0;243.0;832.0;626.0;1268.0
140.01;39.0;947.0;243.0;832.0;626.0;1268.0
141.01;39.0;940.0;240.0;824.0;618.0;1262.0
142.01;39.0;940.0;240.0;824.0;618.0;1262.0
143.01;39.0;940.0;240.0;824.0;618.0;1262.0
144.01;39.3;940.0;240.0;824.0;618.0;1262.0
145.01;39.3;938.0;235.0;824.0;614.0;1261.0
146.01;39.3;938.0;235.0;824.0;614.0;1261.0
147.01;39.3;938.0;235.0;824.0;614.0;1261.0
148.01;39.3;938.0;235.0;824.0;614.0;1261.0
149.01;39.3;937.0;235.0;823.0;614.0;1260.0
150.01;39.3;937.0;235.0;823.0;614.0;1260.0
151.31;39.3;937.0;235.0;823.0;614.0;1260.0
152.01;40.3;937.0;235.0;823.0;614.0;1260.0
153.01;40.3;930.0;228.0;819.0;603.0;1257.0
154.01;40.3;930.0;228.0;819.0;603.0;1257.0
155.01;40.3;930.0;228.0;819.0;603.0;1257.0
156.23;40.3;930.0;228.0;819.0;603.0;1257.0
157.01;40.0;937.0;233.0;819.0;617.0;1258.0
158.01;40.0;937.0;233.0;819.0;617.0;1258.0
159.01;40.0;937.0;233.0;819.0;617.0;1258.0
160.01;39.0;937.0;233.0;819.0;617.0;1258.0
161.02;39.0;939.0;237.0;824.0;617.0;1262.0
162.01;39.0;939.0;237.0;824.0;617.0;1262.0
163.15;39.0;939.0;237.0;824.0;617.0;1262.0
164.01;40.3;939.0;237.0;824.0;617.0;1262.0
165.01;40.3;931.0;231.0;820.0;606.0;1257.0
166.01;40.3;931.0;231.0;820.0;606.0;1257.0
167.01;40.3;931.0;231.0;820.0;606.0;1257.0
168.01;39.0;931.0;231.0;820.0;606.0;1257.0
169.01;39.0;936.0;230.0;820.0;614.0;1259.0
170.01;39.0;936.0;230.0;820.0;614.0;1259.0
171.01;39.0;936.0;230.0;820.0;614.0;1259.0
172.01;39.0;936.0;230.0;820.0;614.0;1259.0
173.05;39.0;936.0;236.0;824.0;616.0;1257.0
174.01;39.0;936.0;236.0;824.0;616.0;1257.0
175.01;39.0;936.0;236.0;824.0;616.0;1257.0
176.01;40.3;936.0;236.0;824.0;616.0;1257.0
177.01;40.3;938.0;235.0;822.0;612.0;1263.0
178.01;40.3;938.0;235.0;822.0;612.0;1263.0
179.01;40.3;938.0;235.0;822.0;612.0;1263.0
180.01;39.0;938.0;235.0;822.0;612.0;1263.0
181.06;39.0;938.0;235.0;822.0;612.0;1263.0
182.01;39.0;940.0;236.0;822.0;617.0;1262.0
183.01;39.0;940.0;236.0;822.0;617.0;1262.0
184.01;40.0;940.0;236.0;822.0;617.0;1262.0
185.01;40.0;938.0;234.0;823.0;612.0;1263.0
186.01;40.0;938.0;234.0;823.0;612.0;1263.0
187.01;40.0;938.0;234.0;823.0;612.0;1263.0
188.01;39.0;938.0;234.0;823.0;612.0;1263.0
189.32;39.0;936.0;238.0;823.0;614.0;1259.0
190.01;39.0;936.0;238.0;823.0;614.0;1259.0
191.01;39.0;936.0;238.0;823.0;614.0;1259.0
192.01;38.3;936.0;238.0;823.0;614.0;1259.0
193.01;38.3;937.0;234.0;819.0;613.0;1262.0
194.01;38.3;937.0;234.0;819.0;613.0;1262.0
195.01;38.3;937.0;234.0;819.0;613.0;1262.0
196.01;38.3;937.0;234.0;819.0;613.0;1262.0
197.01;38.3;931.0;229.0;816.0;607.0;1255.0
198.01;38.3;931.0;229.0;816.0;607.0;1255.0
199.01;38.3;931.0;229.0;816.0;607.0;1255.0
200.01;38.3;931.0;229.0;816.0;607.0;1255.0
201.01;38.3;935.0;234.0;820.0;612.0;1258.0
202.22;38.3;935.0;234.0;820.0;612.0;1258.0
203.01;38.3;935.0;234.0;820.0;612.0;1258.0
204.01;39.8;935.0;234.0;820.0;612.0;1258.0
205.01;39.8;933.0;231.0;818.0;608.0;1259.0
206.01;39.8;933.0;231.0;818.0;608.0;1259.0
207.01;39.8;933.0;231.0;818.0;608.0;1259.0
208.01;39.8;933.0;231.0;818.0;608.0;1259.0
209.33;38.0;934.0;228.0;817.0;608.0;1259.0
210.01;38.0;934.0;228.0;817.0;608.0;1259.0
211.01;38.0;934.0;228.0;817.0;608.0;1259.0
212.01;40.0;934.0;228.0;817.0;608.0;1259.0
213.01;40.0;935.0;231.0;817.0;610.0;1260.0
214.02;40.0;935.0;231.0;817.0;610.0;1260.0
215.01;40.0;935.0;231.0;817.0;610.0;1260.0
216.01;39.5;935.0;231.0;817.0;610.0;1260.0
217.01;39.5;935.0;232.0;820.0;609.0;1262.0
218.01;39.5;935.0;232.0;820.0;609.0;1262.0
219.01;39.5;935.0;232.0;820.0;609.0;1262.0
220.01;39.5;935.0;232.0;820.0;609.0;1262.0
221.01;38.8;939.0;233.0;820.0;615.0;1263.0
222.01;38.8;939.0;233.0;820.0;615.0;1263.0
223.01;38.8;939.0;233.0;820.0;615.0;1263.0
224.01;38.3;939.0;233.0;820.0;615.0;1263.0
225.01;38.3;934.0;230.0;818.0;611.0;1258.0
226.01;38.3;934.0;230.0;818.0;611.0;1258.0
227.01;38.3;934.0;230.0;818.0;611.0;1258.0
228.01;38.5;934.0;230.0;818.0;611.0;1258.0
229.01;38.5;932.0;234.0;817.0;610.0;1254.0
230.01;38.5;932.0;234.0;817.0;610.0;1254.0
231.01;38.5;932.0;234.0;817.0;610.0;1254.0
232.01;38.0;932.0;234.0;817.0;610.0;1254.0
233.02;38.0;931.0;228.0;816.0;605.0;1258.0
234.01;38.0;931.0;228.0;816.0;605.0;1258.0
235.01;38.0;931.0;228.0;816.0;605.0;1258.0
236.01;39.3;931.0;228.0;816.0;605.0;1258.0
237.01;39.3;935.0;231.0;818.0;612.0;1258.0
238.01;39.3;935.0;231.0;818.0;612.0;1258.0
239.01;39.3;935.0;231.0;818.0;612.0;1258.0
240.01;39.3;935.0;231.0;818.0;612.0;1258.0
241.01;39.3;931.0;227.0;817.0;604.0;1259.0
242.01;39.3;931.0;227.0;817.0;604.0;1259.0
243.01;39.3;931.0;227.0;817.0;604.0;1259.0
244.01;39.0;931.0;227.0;817.0;604.0;1259.0
245.01;39.0;945.0;240.0;825.0;625.0;1265.0
246.01;39.0;945.0;240.0;825.0;625.0;1265.0
247.01;39.0;945.0;240.0;825.0;625.0;1265.0
248.01;38.3;945.0;240.0;825.0;625.0;1265.0
249.01;38.3;936.0;234.0;819.0;612.0;1260.0
250.01;38.3;936.0;234.0;819.0;612.0;1260.0
251.01;38.3;936.0;234.0;819.0;612.0;1260.0
252.01;38.8;936.0;234.0;819.0;612.0;1260.0
253.01;38.8;936.0;232.0;821.0;611.0;1260.0
254.07;38.8;936.0;232.0;821.0;611.0;1260.0
255.01;38.8;936.0;232.0;821.0;611.0;1260.0
256.01;40.0;936.0;232.0;821.0;611.0;1260.0
257.01;40.0;934.0;233.0;821.0;610.0;1259.0
258.01;40.0;934.0;233.0;821.0;610.0;1259.0
259.01;40.0;934.0;233.0;821.0;610.0;1259.0
260.01;39.5;934.0;233.0;821.0;610.0;1259.0
261.01;39.5;943.0;242.0;829.0;624.0;1263.0
262.01;39.5;943.0;242.0;829.0;624.0;1263.0
263.01;39.5;943.0;242.0;829.0;624.0;1263.0
264.01;39.3;943.0;242.0;829.0;624.0;1263.0
265.01;39.3;936.0;234.0;824.0;612.0;1260.0
266.01;39.3;936.0;234.0;824.0;612.0;1260.0
267.01;39.3;936.0;234.0;824.0;612.0;1260.0
268.01;38.8;936.0;234.0;824.0;612.0;1260.0
269.01;38.8;932.0;228.0;819.0;611.0;1252.0
270.16;38.8;932.0;228.0;819.0;611.0;1252.0
271.01;38.8;932.0;228.0;819.0;611.0;1252.0
272.01;39.8;932.0;228.0;819.0;611.0;1252.0
273.01;39.8;934.0;230.0;820.0;610.0;1258.0
274.01;39.8;934.0;230.0;820.0;610.0;1258.0
275.01;39.8;934.0;230.0;820.0;610.0;1258.0
276.01;39.0;934.0;230.0;820.0;610.0;1258.0
277.18;39.0;930.0;226.0;817.0;605.0;1254.0
278.01;39.0;930.0;226.0;817.0;605.0;1254.0
279.01;39.0;930.0;226.0;817.0;605.0;1254.0
280.01;39.8;930.0;226.0;817.0;605.0;1254.0
281.01;39.8;936.0;232.0;821.0;612.0;1259.0
282.01;39.8;936.0;232.0;821.0;612.0;1259.0
283.01;39.8;936.0;232.0;821.0;612.0;1259.0
284.07;39.8;936.0;232.0;821.0;612.0;1259.0
285.01;40.5;939.0;237.0;823.0;618.0;1260.0
286.01;40.5;939.0;237.0;823.0;618.0;1260.0
287.01;40.5;939.0;237.0;823.0;618.0;1260.0
288.01;40.5;939.0;237.0;823.0;618.0;1260.0
289.01;40.0;940.0;236.0;826.0;617.0;1263.0
290.01;40.0;940.0;236.0;826.0;617.0;1263.0
291.01;40.0;940.0;236.0;826.0;617.0;1263.0
292.01;38.8;940.0;236.0;826.0;617.0;1263.0
293.01;38.8;940.0;237.0;824.0;617.0;1263.0
294.01;38.8;940.0;237.0;824.0;617.0;1263.0
295.09;38.8;940.0;237.0;824.0;617.0;1263.0
296.01;40.5;940.0;237.0;824.0;617.0;1263.0
297.01;40.5;938.0;237.0;825.0;615.0;1261.0
298.01;40.5;938.0;237.0;825.0;615.0;1261.0
299.01;40.5;938.0;237.0;825.0;615.0;1261.0
300.01;39.3;938.0;237.0;825.0;615.0;1261.0
301.01;39.3;952.0;255.0;832.0;636.0;1267.0
302.11;39.3;952.0;255.0;832.0;636.0;1267.0
303.01;39.3;952.0;255.0;832.0;636.0;1267.0
304.01;40.3;952.0;255.0;832.0;636.0;1267.0
305.01;40.3;947.0;245.0;830.0;628.0;1266.0
306.01;40.3;947.0;245.0;830.0;628.0;1266.0
307.01;40.3;947.0;245.0;830.0;628.0;1266.0
308.01;38.8;947.0;245.0;830.0;628.0;1266.0
309.01;38.8;935.0;232.0;820.0;612.0;1257.0
310.01;38.8;935.0;232.0;820.0;612.0;1257.0
311.01;38.8;935.0;232.0;820.0;612.0;1257.0
312.01;39.0;935.0;232.0;820.0;612.0;1257.0
313.01;39.0;938.0;237.0;824.0;616.0;1261.0
314.01;39.0;938.0;237.0;824.0;616.0;1261.0
315.01;39.0;938.0;237.0;824.0;616.0;1261.0
316.01;39.3;938.0;237.0;824.0;616.0;1261.0
317.01;39.3;932.0;229.0;818.0;606.0;1258.0
318.01;39.3;932.0;229.0;818.0;606.0;1258.0
319.01;39.3;932.0;229.0;818.0;606.0;1258.0
320.01;39.0;932.0;229.0;818.0;606.0;1258.0
321.09;39.0;947.0;246.0;827.0;632.0;1262.0
322.01;39.0;947.0;246.0;827.0;632.0;1262.0
323.01;39.0;947.0;246.0;827.0;632.0;1262.0
324.01;40.3;947.0;246.0;827.0;632.0;1262.0
325.01;40.3;940.0;242.0;826.0;620.0;1260.0
326.02;40.3;940.0;242.0;826.0;620.0;1260.0
327.01;40.3;940.0;242.0;826.0;620.0;1260.0
328.01;39.0;940.0;242.0;826.0;620.0;1260.0
329.01;39.0;933.0;232.0;821.0;609.0;1258.0
330.01;39.0;933.0;232.0;821.0;609.0;1258.0
331.24;39.0;933.0;232.0;821.0;609.0;1258.0
332.01;40.8;933.0;232.0;821.0;609.0;1258.0
333.01;40.8;946.0;246.0;830.0;628.0;1263.0
334.01;40.8;946.0;246.0;830.0;628.0;1263.0
335.01;40.8;946.0;246.0;830.0;628.0;1263.0
341.17;41.3;954.0;258.0;833.0;641.0;1267.0
341.46;41.3;954.0;258.0;833.0;641.0;1267.0
341.47;41.3;954.0;258.0;833.0;641.0;1267.0
342.01;41.3;954.0;258.0;833.0;641.0;1267.0
343.01;41.3;954.0;258.0;833.0;641.0;1267.0
344.01;40.5;954.0;258.0;833.0;641.0;1267.0
345.01;40.5;951.0;252.0;830.0;638.0;1265.0
346.01;40.5;951.0;252.0;830.0;638.0;1265.0
347.19;40.5;951.0;252.0;830.0;638.0;1265.0
348.01;40.3;951.0;252.0;830.0;638.0;1265.0
349.01;40.3;933.0;233.0;821.0;606.0;1260.0
350.01;40.3;933.0;233.0;821.0;606.0;1260.0
351.07;40.3;933.0;233.0;821.0;606.0;1260.0
352.01;40.5;933.0;233.0;821.0;606.0;1260.0
353.02;40.5;943.0;244.0;828.0;625.0;1261.0
354.01;40.5;943.0;244.0;828.0;625.0;1261.0
355.01;40.5;943.0;244.0;828.0;625.0;1261.0
356.07;40.5;943.0;244.0;828.0;625.0;1261.0
357.01;40.8;941.0;239.0;823.0;621.0;1261.0
358.01;40.8;941.0;239.0;823.0;621.0;1261.0
359.01;40.8;941.0;239.0;823.0;621.0;1261.0
360.01;39.3;941.0;239.0;823.0;621.0;1261.0
361.01;39.3;946.0;252.0;830.0;628.0;1263.0
362.01;39.3;946.0;252.0;830.0;628.0;1263.0
363.01;39.3;946.0;252.0;830.0;628.0;1263.0
364.02;39.5;946.0;252.0;830.0;628.0;1263.0
365.28;39.5;956.0;258.0;831.0;642.0;1269.0
366.01;39.5;956.0;258.0;831.0;642.0;1269.0
367.01;39.5;956.0;258.0;831.0;642.0;1269.0
368.01;40.8;956.0;258.0;831.0;642.0;1269.0
369.28;40.8;957.0;259.0;833.0;644.0;1270.0
370.01;40.8;957.0;259.0;833.0;644.0;1270.0
371.02;40.8;957.0;259.0;833.0;644.0;1270.0
372.01;39.5;957.0;259.0;833.0;644.0;1270.0
373.01;39.5;956.0;260.0;834.0;644.0;1269.0
374.01;39.5;956.0;260.0;834.0;644.0;1269.0
375.01;39.5;956.0;260.0;834.0;644.0;1269.0
376.01;39.0;956.0;260.0;834.0;644.0;1269.0
377.01;39.0;939.0;234.0;823.0;617.0;1260.0
378.01;39.0;939.0;234.0;823.0;617.0;1260.0
379.01;39.0;939.0;234.0;823.0;617.0;1260.0
380.01;39.8;939.0;234.0;823.0;617.0;1260.0
381.01;39.8;943.0;244.0;826.0;623.0;1263.0
382.01;39.8;943.0;244.0;826.0;623.0;1263.0
383.01;39.8;943.0;244.0;826.0;623.0;1263.0
384.01;39.8;943.0;244.0;826.0;623.0;1263.0
385.01;39.3;943.0;244.0;826.0;623.0;1263.0
386.01;39.3;937.0;232.0;820.0;613.0;1260.0
387.22;39.3;937.0;232.0;820.0;613.0;1260.0
388.01;39.3;937.0;232.0;820.0;613.0;1260.0
389.01;41.0;937.0;232.0;820.0;613.0;1260.0
390.02;41.0;952.0;254.0;831.0;637.0;1266.0
391.01;41.0;952.0;254.0;831.0;637.0;1266.0
392.01;41.0;952.0;254.0;831.0;637.0;1266.0
393.01;40.0;952.0;254.0;831.0;637.0;1266.0
394.02;40.0;956.0;257.0;831.0;642.0;1270.0
395.01;40.0;956.0;257.0;831.0;642.0;1270.0
396.01;40.0;956.0;257.0;831.0;642.0;1270.0
397.01;39.0;956.0;257.0;831.0;642.0;1270.0
398.01;39.0;946.0;244.0;828.0;632.0;1260.0
399.02;39.0;946.0;244.0;828.0;632.0;1260.0
400.01;39.0;946.0;244.0;828.0;632.0;1260.0
401.01;39.8;946.0;244.0;828.0;632.0;1260.0
402.01;39.8;933.0;233.0;821.0;605.0;1261.0
403.02;39.8;933.0;233.0;821.0;605.0;1261.0
404.01;39.8;933.0;233.0;821.0;605.0;1261.0
405.01;41.5;933.0;233.0;821.0;605.0;1261.0
406.01;41.5;953.0;255.0;830.0;638.0;1268.0
407.01;41.5;953.0;255.0;830.0;638.0;1268.0
408.01;41.5;953.0;255.0;830.0;638.0;1268.0
409.01;39.0;953.0;255.0;830.0;638.0;1268.0
410.01;39.0;955.0;257.0;831.0;642.0;1268.0
411.01;39.0;955.0;257.0;831.0;642.0;1268.0
412.12;39.0;955.0;257.0;831.0;642.0;1268.0
413.01;41.0;955.0;257.0;831.0;642.0;1268.0
414.01;41.0;953.0;259.0;833.0;641.0;1265.0
415.01;41.0;953.0;259.0;833.0;641.0;1265.0
416.01;41.0;953.0;259.0;833.0;641.0;1265.0
417.01;41.3;953.0;259.0;833.0;641.0;1265.0
418.01;41.3;975.0;275.0;845.0;667.0;1282.0
419.01;41.3;975.0;275.0;845.0;667.0;1282.0
420.1;41.3;975.0;275.0;845.0;667.0;1282.0
421.01;41.5;975.0;275.0;845.0;667.0;1282.0
422.01;41.5;958.0;262.0;839.0;644.0;1272.0
423.01;41.5;958.0;262.0;839.0;644.0;1272.0
424.01;41.5;958.0;262.0;839.0;644.0;1272.0
425.01;39.5;958.0;262.0;839.0;644.0;1272.0
426.01;39.5;965.0;263.0;838.0;653.0;1277.0
427.01;39.5;965.0;263.0;838.0;653.0;1277.0
428.01;39.5;965.0;263.0;838.0;653.0;1277.0
429.01;39.8;965.0;263.0;838.0;653.0;1277.0
430.01;39.8;953.0;259.0;834.0;637.0;1268.0
431.01;39.8;953.0;259.0;834.0;637.0;1268.0
432.18;39.8;953.0;259.0;834.0;637.0;1268.0
433.01;40.8;953.0;259.0;834.0;637.0;1268.0
434.01;40.8;952.0;255.0;829.0;639.0;1265.0
435.01;40.8;952.0;255.0;829.0;639.0;1265.0
436.01;40.8;952.0;255.0;829.0;639.0;1265.0
437.01;39.3;952.0;255.0;829.0;639.0;1265.0
438.01;39.3;955.0;258.0;833.0;643.0;1267.0
439.01;39.3;955.0;258.0;833.0;643.0;1267.0
440.01;39.3;955.0;258.0;833.0;643.0;1267.0
441.01;39.8;955.0;258.0;833.0;643.0;1267.0
442.01;39.8;941.0;241.0;826.0;620.0;1263.0
443.01;39.8;941.0;241.0;826.0;620.0;1263.0
444.01;39.8;941.0;241.0;826.0;620.0;1263.0
445.01;40.5;941.0;241.0;826.0;620.0;1263.0
446.11;40.5;952.0;255.0;832.0;636.0;1268.0
447.01;40.5;952.0;255.0;832.0;636.0;1268.0
448.01;40.5;952.0;255.0;832.0;636.0;1268.0
449.01;40.8;952.0;255.0;832.0;636.0;1268.0
450.01;40.8;957.0;261.0;836.0;645.0;1269.0
451.04;40.8;957.0;261.0;836.0;645.0;1269.0
452.01;40.8;957.0;261.0;836.0;645.0;1269.0
453.01;40.8;957.0;261.0;836.0;645.0;1269.0
454.01;40.8;951.0;255.0;830.0;636.0;1265.0
455.01;40.8;951.0;255.0;830.0;636.0;1265.0
456.01;40.8;951.0;255.0;830.0;636.0;1265.0
457.06;39.5;951.0;255.0;830.0;636.0;1265.0
458.01;39.5;942.0;238.0;824.0;620.0;1263.0
459.01;39.5;942.0;238.0;824.0;620.0;1263.0
460.01;39.5;942.0;238.0;824.0;620.0;1263.0
461.01;41.0;942.0;238.0;824.0;620.0;1263.0
462.01;41.0;942.0;245.0;826.0;619.0;1266.0
463.01;41.0;942.0;245.0;826.0;619.0;1266.0
464.02;41.0;942.0;245.0;826.0;619.0;1266.0
465.01;40.3;942.0;245.0;826.0;619.0;1266.0
466.01;40.3;957.0;258.0;830.0;646.0;1268.0
467.01;40.3;957.0;258.0;830.0;646.0;1268.0
468.09;40.3;957.0;258.0;830.0;646.0;1268.0
469.01;40.8;957.0;258.0;830.0;646.0;1268.0
470.01;40.8;950.0;254.0;829.0;633.0;1266.0
471.01;40.8;950.0;254.0;829.0;633.0;1266.0
472.01;40.8;950.0;254.0;829.0;633.0;1266.0
473.01;40.5;950.0;254.0;829.0;633.0;1266.0
474.01;40.5;956.0;259.0;833.0;645.0;1267.0
475.01;40.5;956.0;259.0;833.0;645.0;1267.0
476.01;40.5;956.0;259.0;833.0;645.0;1267.0
477.01;39.0;956.0;259.0;833.0;645.0;1267.0
478.01;39.0;953.0;259.0;833.0;639.0;1267.0
479.14;39.0;953.0;259.0;833.0;639.0;1267.0
480.01;39.0;953.0;259.0;833.0;639.0;1267.0
481.01;40.8;953.0;259.0;833.0;639.0;1267.0
482.02;40.8;953.0;256.0;830.0;637.0;1268.0
483.01;40.8;953.0;256.0;830.0;637.0;1268.0
484.01;40.8;953.0;256.0;830.0;637.0;1268.0
485.01;39.3;953.0;256.0;830.0;637.0;1268.0
486.01;39.3;951.0;257.0;831.0;640.0;1262.0
487.01;39.3;951.0;257.0;831.0;640.0;1262.0
488.01;39.3;951.0;257.0;831.0;640.0;1262.0
489.02;39.3;951.0;257.0;831.0;640.0;1262.0
490.01;39.3;944.0;246.0;827.0;623.0;1264.0
491.01;39.3;944.0;246.0;827.0;623.0;1264.0
492.02;39.3;944.0;246.0;827.0;623.0;1264.0
493.01;39.5;944.0;246.0;827.0;623.0;1264.0
494.24;39.5;954.0;257.0;830.0;641.0;1267.0
495.01;39.5;954.0;257.0;830.0;641.0;1267.0
496.01;39.5;954.0;257.0;830.0;641.0;1267.0
497.01;40.5;954.0;257.0;830.0;641.0;1267.0
498.01;40.5;945.0;246.0;831.0;627.0;1264.0
499.11;40.5;945.0;246.0;831.0;627.0;1264.0
500.01;40.5;945.0;246.0;831.0;627.0;1264.0
501.01;40.5;945.0;246.0;831.0;627.0;1264.0
502.01;40.5;949.0;254.0;831.0;635.0;1264.0
503.01;40.5;949.0;254.0;831.0;635.0;1264.0
504.01;40.5;949.0;254.0;831.0;635.0;1264.0
505.01;39.0;949.0;254.0;831.0;635.0;1264.0
506.15;39.0;949.0;246.0;826.0;633.0;1266.0
507.01;39.0;949.0;246.0;826.0;633.0;1266.0
508.01;39.0;949.0;246.0;826.0;633.0;1266.0
509.01;41.3;949.0;246.0;826.0;633.0;1266.0
510.01;41.3;934.0;236.0;821.0;612.0;1256.0
511.01;41.3;934.0;236.0;821.0;612.0;1256.0
512.01;41.3;934.0;236.0;821.0;612.0;1256.0
513.01;39.0;934.0;236.0;821.0;612.0;1256.0
514.01;39.0;949.0;251.0;825.0;634.0;1264.0
515.01;39.0;949.0;251.0;825.0;634.0;1264.0
516.01;39.0;949.0;251.0;825.0;634.0;1264.0
517.01;39.3;949.0;251.0;825.0;634.0;1264.0
518.01;39.3;949.0;250.0;829.0;635.0;1264.0
519.01;39.3;949.0;250.0;829.0;635.0;1264.0
520.01;39.3;949.0;250.0;829.0;635.0;1264.0
521.01;39.3;949.0;250.0;829.0;635.0;1264.0
522.01;39.3;948.0;252.0;829.0;632.0;1264.0
523.01;39.3;948.0;252.0;829.0;632.0;1264.0
524.28;39.3;948.0;252.0;829.0;632.0;1264.0
525.01;40.3;948.0;252.0;829.0;632.0;1264.0
526.01;40.3;948.0;251.0;829.0;631.0;1265.0
527.01;40.3;948.0;251.0;829.0;631.0;1265.0
528.12;40.3;948.0;251.0;829.0;631.0;1265.0
529.01;40.5;948.0;251.0;829.0;631.0;1265.0
530.01;40.5;942.0;242.0;825.0;620.0;1264.0
531.01;40.5;942.0;242.0;825.0;620.0;1264.0
532.05;40.5;942.0;242.0;825.0;620.0;1264.0
533.01;40.8;942.0;242.0;825.0;620.0;1264.0
534.01;40.8;950.0;252.0;832.0;632.0;1267.0
535.01;40.8;950.0;252.0;832.0;632.0;1267.0
536.01;40.8;950.0;252.0;832.0;632.0;1267.0
537.01;39.5;950.0;252.0;832.0;632.0;1267.0
538.01;39.5;965.0;267.0;838.0;657.0;1273.0
539.01;39.5;965.0;267.0;838.0;657.0;1273.0
540.01;39.5;965.0;267.0;838.0;657.0;1273.0
541.02;39.8;965.0;267.0;838.0;657.0;1273.0
542.02;39.8;955.0;258.0;831.0;638.0;1272.0
543.07;39.8;955.0;258.0;831.0;638.0;1272.0
544.01;39.8;955.0;258.0;831.0;638.0;1272.0
545.01;40.3;955.0;258.0;831.0;638.0;1272.0
546.01;40.3;955.0;255.0;833.0;641.0;1269.0
547.01;40.3;955.0;255.0;833.0;641.0;1269.0
548.01;40.3;955.0;255.0;833.0;641.0;1269.0
549.01;40.5;955.0;255.0;833.0;641.0;1269.0
550.01;40.5;941.0;240.0;824.0;619.0;1263.0
551.01;40.5;941.0;240.0;824.0;619.0;1263.0
552.02;40.5;941.0;240.0;824.0;619.0;1263.0
553.01;40.8;941.0;240.0;824.0;619.0;1263.0
554.01;40.8;947.0;253.0;830.0;630.0;1265.0
555.01;40.8;947.0;253.0;830.0;630.0;1265.0
556.01;40.8;947.0;253.0;830.0;630.0;1265.0
557.01;39.3;947.0;253.0;830.0;630.0;1265.0
558.01;39.3;956.0;257.0;833.0;640.0;1271.0
559.23;39.3;956.0;257.0;833.0;640.0;1271.0
560.01;39.3;956.0;257.0;833.0;640.0;1271.0
561.01;40.3;956.0;257.0;833.0;640.0;1271.0
562.01;40.3;943.0;246.0;829.0;622.0;1264.0
563.01;40.3;943.0;246.0;829.0;622.0;1264.0
564.01;40.3;943.0;246.0;829.0;622.0;1264.0
565.01;39.5;943.0;246.0;829.0;622.0;1264.0
566.31;39.5;945.0;242.0;827.0;624.0;1265.0
567.01;39.5;945.0;242.0;827.0;624.0;1265.0
568.01;39.5;945.0;242.0;827.0;624.0;1265.0
569.01;40.5;945.0;242.0;827.0;624.0;1265.0
570.08;40.5;945.0;240.0;829.0;626.0;1265.0
571.01;40.5;945.0;240.0;829.0;626.0;1265.0
572.01;40.5;945.0;240.0;829.0;626.0;1265.0
573.01;41.0;945.0;240.0;829.0;626.0;1265.0
574.01;41.0;962.0;260.0;833.0;649.0;1275.0
575.01;41.0;962.0;260.0;833.0;649.0;1275.0
576.01;41.0;962.0;260.0;833.0;649.0;1275.0
577.02;39.3;962.0;260.0;833.0;649.0;1275.0
578.01;39.3;940.0;245.0;826.0;619.0;1262.0
579.01;39.3;940.0;245.0;826.0;619.0;1262.0
580.01;39.3;940.0;245.0;826.0;619.0;1262.0
581.13;39.8;935.0;239.0;824.0;610.0;1261.0
582.01;39.8;935.0;239.0;824.0;610.0;1261.0
583.01;39.8;935.0;239.0;824.0;610.0;1261.0
584.01;39.8;935.0;239.0;824.0;610.0;1261.0
585.03;40.8;935.0;239.0;824.0;610.0;1261.0
586.07;40.8;947.0;245.0;829.0;626.0;1269.0
587.01;40.8;947.0;245.0;829.0;626.0;1269.0
588.01;40.8;947.0;245.0;829.0;626.0;1269.0
589.01;40.3;947.0;245.0;829.0;626.0;1269.0
590.01;40.3;939.0;238.0;824.0;617.0;1262.0
591.01;40.3;939.0;238.0;824.0;617.0;1262.0
592.01;40.3;939.0;238.0;824.0;617.0;1262.0
593.02;39.0;939.0;238.0;824.0;617.0;1262.0
594.01;39.0;931.0;230.0;819.0;605.0;1256.0
595.01;39.0;931.0;230.0;819.0;605.0;1256.0
596.02;39.0;931.0;230.0;819.0;605.0;1256.0
597.01;39.3;931.0;230.0;819.0;605.0;1256.0
598.01;39.3;937.0;237.0;821.0;612.0;1262.0
599.01;39.3;937.0;237.0;821.0;612.0;1262.0
600.01;39.3;937.0;237.0;821.0;612.0;1262.0
601.01;38.8;937.0;237.0;821.0;612.0;1262.0
602.4;38.8;936.0;235.0;821.0;614.0;1259.0
603.01;38.8;936.0;235.0;821.0;614.0;1259.0
604.01;38.8;936.0;235.0;821.0;614.0;1259.0
605.01;40.3;936.0;235.0;821.0;614.0;1259.0
606.03;40.3;936.0;233.0;821.0;613.0;1259.0
607.01;40.3;936.0;233.0;821.0;613.0;1259.0
608.02;40.3;936.0;233.0;821.0;613.0;1259.0
609.01;39.8;936.0;233.0;821.0;613.0;1259.0
610.01;39.8;937.0;235.0;820.0;615.0;1260.0
611.01;39.8;937.0;235.0;820.0;615.0;1260.0
612.01;39.8;937.0;235.0;820.0;615.0;1260.0
613.01;39.3;937.0;235.0;820.0;615.0;1260.0
614.01;39.3;933.0;227.0;817.0;606.0;1259.0
615.01;39.3;933.0;227.0;817.0;606.0;1259.0
616.01;39.3;933.0;227.0;817.0;606.0;1259.0
617.01;39.3;933.0;227.0;817.0;606.0;1259.0
618.01;39.3;938.0;236.0;821.0;615.0;1260.0
619.29;39.3;938.0;236.0;821.0;615.0;1260.0
620.01;39.3;938.0;236.0;821.0;615.0;1260.0
621.01;40.5;938.0;236.0;821.0;615.0;1260.0
622.01;40.5;933.0;231.0;818.0;609.0;1257.0
623.13;40.5;933.0;231.0;818.0;609.0;1257.0
624.01;40.5;933.0;231.0;818.0;609.0;1257.0
625.01;40.0;933.0;231.0;818.0;609.0;1257.0
626.01;40.0;943.0;236.0;825.0;624.0;1263.0
627.01;40.0;943.0;236.0;825.0;624.0;1263.0
628.01;40.0;943.0;236.0;825.0;624.0;1263.0
629.01;38.8;943.0;236.0;825.0;624.0;1263.0
630.01;38.8;934.0;233.0;820.0;609.0;1259.0
631.01;38.8;934.0;233.0;820.0;609.0;1259.0
632.01;38.8;934.0;233.0;820.0;609.0;1259.0
633.01;39.3;934.0;233.0;820.0;609.0;1259.0
634.01;39.3;937.0;236.0;822.0;613.0;1260.0
635.01;39.3;937.0;236.0;822.0;613.0;1260.0
636.01;39.3;937.0;236.0;822.0;613.0;1260.0
637.01;40.3;937.0;236.0;822.0;613.0;1260.0
638.01;40.3;934.0;233.0;820.0;606.0;1263.0
639.01;40.3;934.0;233.0;820.0;606.0;1263.0
640.01;40.3;934.0;233.0;820.0;606.0;1263.0
641.25;39.3;936.0;233.0;820.0;616.0;1256.0
642.01;39.3;936.0;233.0;820.0;616.0;1256.0
643.01;39.3;936.0;233.0;820.0;616.0;1256.0
644.01;39.3;936.0;233.0;820.0;616.0;1256.0
645.07;40.5;936.0;233.0;820.0;616.0;1256.0
646.01;40.5;935.0;236.0;821.0;612.0;1259.0
647.01;40.5;935.0;236.0;821.0;612.0;1259.0
648.01;40.5;935.0;236.0;821.0;612.0;1259.0
649.01;39.8;935.0;236.0;821.0;612.0;1259.0
650.01;39.8;938.0;235.0;820.0;616.0;1260.0
651.01;39.8;938.0;235.0;820.0;616.0;1260.0
652.01;39.8;938.0;235.0;820.0;616.0;1260.0
653.01;39.3;938.0;235.0;820.0;616.0;1260.0
654.01;39.3;932.0;229.0;818.0;604.0;1259.0
655.01;39.3;932.0;229.0;818.0;604.0;1259.0
656.01;39.3;932.0;229.0;818.0;604.0;1259.0
657.01;39.0;932.0;229.0;818.0;604.0;1259.0
658.01;39.0;937.0;234.0;821.0;614.0;1260.0
659.01;39.0;937.0;234.0;821.0;614.0;1260.0
660.01;39.0;937.0;234.0;821.0;614.0;1260.0
661.01;38.8;937.0;234.0;821.0;614.0;1260.0
662.01;38.8;938.0;233.0;820.0;614.0;1261.0
663.19;38.8;938.0;233.0;820.0;614.0;1261.0
664.01;38.8;938.0;233.0;820.0;614.0;1261.0
665.01;39.5;938.0;233.0;820.0;614.0;1261.0
666.01;39.5;932.0;228.0;818.0;606.0;1258.0
667.01;39.5;932.0;228.0;818.0;606.0;1258.0
668.01;39.5;932.0;228.0;818.0;606.0;1258.0
669.01;38.8;932.0;228.0;818.0;606.0;1258.0
670.01;38.8;937.0;233.0;822.0;614.0;1260.0
671.02;38.8;937.0;233.0;822.0;614.0;1260.0
672.01;38.8;937.0;233.0;822.0;614.0;1260.0
673.06;38.5;937.0;233.0;822.0;614.0;1260.0
674.01;38.5;933.0;229.0;820.0;607.0;1259.0
675.01;38.5;933.0;229.0;820.0;607.0;1259.0
676.01;38.5;933.0;229.0;820.0;607.0;1259.0
677.05;39.5;933.0;229.0;820.0;607.0;1259.0
678.01;39.5;936.0;232.0;817.0;612.0;1259.0
679.01;39.5;936.0;232.0;817.0;612.0;1259.0
680.01;39.5;936.0;232.0;817.0;612.0;1259.0
681.02;40.0;936.0;232.0;817.0;612.0;1259.0
682.07;40.0;932.0;231.0;821.0;611.0;1253.0
683.01;40.0;932.0;231.0;821.0;611.0;1253.0
684.01;40.0;932.0;231.0;821.0;611.0;1253.0
685.01;39.5;932.0;231.0;821.0;611.0;1253.0
686.01;39.5;932.0;230.0;822.0;609.0;1255.0
687.01;39.5;932.0;230.0;822.0;609.0;1255.0
688.01;39.5;932.0;230.0;822.0;609.0;1255.0
689.01;38.5;932.0;230.0;822.0;609.0;1255.0
690.01;38.5;931.0;228.0;817.0;607.0;1254.0
691.01;38.5;931.0;228.0;817.0;607.0;1254.0
692.01;38.5;931.0;228.0;817.0;607.0;1254.0
693.01;38.8;931.0;228.0;817.0;607.0;1254.0
694.02;38.8;935.0;230.0;818.0;614.0;1256.0
695.01;38.8;935.0;230.0;818.0;614.0;1256.0
696.01;38.8;935.0;230.0;818.0;614.0;1256.0
697.01;39.3;935.0;230.0;818.0;614.0;1256.0
698.01;39.3;932.0;233.0;819.0;609.0;1256.0
699.01;39.3;932.0;233.0;819.0;609.0;1256.0
700.01;39.3;932.0;233.0;819.0;609.0;1256.0
701.01;38.0;932.0;233.0;819.0;609.0;1256.0
702.01;38.0;935.0;228.0;824.0;611.0;1259.0
703.01;38.0;935.0;228.0;824.0;611.0;1259.0
704.01;38.0;935.0;228.0;824.0;611.0;1259.0
705.03;38.8;935.0;228.0;824.0;611.0;1259.0
706.01;38.8;935.0;231.0;818.0;613.0;1257.0
707.1;38.8;935.0;231.0;818.0;613.0;1257.0
708.01;38.8;935.0;231.0;818.0;613.0;1257.0
709.01;40.3;935.0;231.0;818.0;613.0;1257.0
710.01;40.3;931.0;228.0;818.0;609.0;1253.0
711.23;40.3;931.0;228.0;818.0;609.0;1253.0
712.01;40.3;931.0;228.0;818.0;609.0;1253.0
713.01;40.3;931.0;228.0;818.0;609.0;1253.0
714.01;40.3;939.0;235.0;822.0;619.0;1259.0
715.01;40.3;939.0;235.0;822.0;619.0;1259.0
716.01;40.3;939.0;235.0;822.0;619.0;1259.0
717.01;39.8;939.0;235.0;822.0;619.0;1259.0
718.01;39.8;962.0;262.0;837.0;651.0;1273.0
719.01;39.8;962.0;262.0;837.0;651.0;1273.0
720.24;39.8;962.0;262.0;837.0;651.0;1273.0
721.02;40.3;962.0;262.0;837.0;651.0;1273.0
722.01;40.3;941.0;246.0;828.0;619.0;1264.0
723.01;40.3;941.0;246.0;828.0;619.0;1264.0
724.01;40.3;941.0;246.0;828.0;619.0;1264.0
725.01;39.5;941.0;246.0;828.0;619.0;1264.0
726.02;39.5;943.0;243.0;827.0;623.0;1262.0
727.01;39.5;943.0;243.0;827.0;623.0;1262.0
728.01;39.5;943.0;243.0;827.0;623.0;1262.0
729.01;39.0;943.0;243.0;827.0;623.0;1262.0
730.01;39.0;940.0;242.0;826.0;619.0;1261.0
731.01;39.0;940.0;242.0;826.0;619.0;1261.0
732.01;39.0;940.0;242.0;826.0;619.0;1261.0
733.01;39.5;940.0;242.0;826.0;619.0;1261.0
734.01;39.5;941.0;243.0;825.0;623.0;1260.0
735.01;39.5;941.0;243.0;825.0;623.0;1260.0
736.01;39.5;941.0;243.0;825.0;623.0;1260.0
737.01;39.5;941.0;243.0;825.0;623.0;1260.0
738.01;39.5;938.0;238.0;826.0;614.0;1262.0
739.01;39.5;938.0;238.0;826.0;614.0;1262.0
740.01;39.5;938.0;238.0;826.0;614.0;1262.0
741.01;40.3;938.0;238.0;826.0;614.0;1262.0
742.01;40.3;936.0;236.0;823.0;614.0;1258.0
743.02;40.3;936.0;236.0;823.0;614.0;1258.0
744.01;40.3;936.0;236.0;823.0;614.0;1258.0
745.01;39.0;936.0;236.0;823.0;614.0;1258.0
746.01;39.0;935.0;232.0;820.0;611.0;1259.0
747.01;39.0;935.0;232.0;820.0;611.0;1259.0
748.01;39.0;935.0;232.0;820.0;611.0;1259.0
749.01;39.0;935.0;232.0;820.0;611.0;1259.0
750.01;39.0;939.0;235.0;822.0;617.0;1260.0
751.01;39.0;939.0;235.0;822.0;617.0;1260.0
752.01;39.0;939.0;235.0;822.0;617.0;1260.0
753.02;39.8;939.0;235.0;822.0;617.0;1260.0
754.01;39.8;936.0;236.0;822.0;611.0;1261.0
755.01;39.8;936.0;236.0;822.0;611.0;1261.0
756.01;39.8;936.0;236.0;822.0;611.0;1261.0
757.01;39.8;936.0;236.0;822.0;611.0;1261.0
758.01;39.8;942.0;243.0;825.0;621.0;1263.0
759.01;39.8;942.0;243.0;825.0;621.0;1263.0
760.01;39.8;942.0;243.0;825.0;621.0;1263.0
761.12;39.0;937.0;234.0;821.0;618.0;1255.0
762.01;39.0;937.0;234.0;821.0;618.0;1255.0
763.01;39.0;937.0;234.0;821.0;618.0;1255.0
764.01;39.0;937.0;234.0;821.0;618.0;1255.0
765.01;40.8;937.0;234.0;821.0;618.0;1255.0
766.01;40.8;942.0;246.0;828.0;623.0;1261.0
767.01;40.8;942.0;246.0;828.0;623.0;1261.0
768.01;40.8;942.0;246.0;828.0;623.0;1261.0
769.01;39.8;942.0;246.0;828.0;623.0;1261.0
770.01;39.8;944.0;242.0;829.0;624.0;1264.0
771.01;39.8;944.0;242.0;829.0;624.0;1264.0
772.01;39.8;944.0;242.0;829.0;624.0;1264.0
773.01;38.8;944.0;242.0;829.0;624.0;1264.0
774.01;38.8;932.0;229.0;820.0;608.0;1256.0
775.01;38.8;932.0;229.0;820.0;608.0;1256.0
776.01;38.8;932.0;229.0;820.0;608.0;1256.0
777.01;39.5;932.0;229.0;820.0;608.0;1256.0
778.01;39.5;940.0;236.0;825.0;617.0;1263.0
779.01;39.5;940.0;236.0;825.0;617.0;1263.0
780.01;39.5;940.0;236.0;825.0;617.0;1263.0
781.01;39.5;940.0;236.0;825.0;617.0;1263.0
782.01;39.5;930.0;226.0;817.0;604.0;1256.0
783.01;39.5;930.0;226.0;817.0;604.0;1256.0
784.01;39.5;930.0;226.0;817.0;604.0;1256.0
785.01;39.3;930.0;226.0;817.0;604.0;1256.0
786.01;39.3;942.0;242.0;824.0;622.0;1261.0
787.09;39.3;942.0;242.0;824.0;622.0;1261.0
788.01;39.3;942.0;242.0;824.0;622.0;1261.0
789.01;40.3;942.0;242.0;824.0;622.0;1261.0
790.01;40.3;933.0;230.0;818.0;608.0;1258.0
791.01;40.3;933.0;230.0;818.0;608.0;1258.0
792.01;40.3;933.0;230.0;818.0;608.0;1258.0
793.05;39.0;933.0;230.0;818.0;608.0;1258.0
794.01;39.0;934.0;233.0;820.0;612.0;1256.0
795.01;39.0;934.0;233.0;820.0;612.0;1256.0
796.01;39.0;934.0;233.0;820.0;612.0;1256.0
797.01;40.3;934.0;233.0;820.0;612.0;1256.0
798.01;40.3;939.0;237.0;821.0;618.0;1261.0
799.01;40.3;939.0;237.0;821.0;618.0;1261.0
800.01;40.3;939.0;237.0;821.0;618.0;1261.0
801.01;39.8;939.0;237.0;821.0;618.0;1261.0
802.01;39.8;929.0;227.0;818.0;606.0;1253.0
803.01;39.8;929.0;227.0;818.0;606.0;1253.0
804.01;39.8;929.0;227.0;818.0;606.0;1253.0
805.01;39.3;929.0;227.0;818.0;606.0;1253.0
806.02;39.3;940.0;234.0;822.0;619.0;1260.0
807.01;39.3;940.0;234.0;822.0;619.0;1260.0
808.01;39.3;940.0;234.0;822.0;619.0;1260.0
809.01;41.0;940.0;234.0;822.0;619.0;1260.0
810.01;41.0;927.0;229.0;816.0;604.0;1250.0
811.01;41.0;927.0;229.0;816.0;604.0;1250.0
812.01;41.0;927.0;229.0;816.0;604.0;1250.0
813.01;39.0;927.0;229.0;816.0;604.0;1250.0
814.02;39.0;941.0;238.0;824.0;623.0;1260.0
815.01;39.0;941.0;238.0;824.0;623.0;1260.0
816.01;39.0;941.0;238.0;824.0;623.0;1260.0
817.01;40.8;941.0;238.0;824.0;623.0;1260.0
818.04;40.8;937.0;239.0;822.0;614.0;1260.0
819.01;40.8;937.0;239.0;822.0;614.0;1260.0
820.02;40.8;937.0;239.0;822.0;614.0;1260.0
821.01;40.8;937.0;239.0;822.0;614.0;1260.0
822.02;40.8;945.0;246.0;829.0;630.0;1261.0
823.03;40.8;945.0;246.0;829.0;630.0;1261.0
824.01;40.8;945.0;246.0;829.0;630.0;1261.0
825.01;40.3;945.0;246.0;829.0;630.0;1261.0
826.01;40.3;943.0;239.0;826.0;622.0;1264.0
827.01;40.3;943.0;239.0;826.0;622.0;1264.0
828.01;40.3;943.0;239.0;826.0;622.0;1264.0
829.2;39.0;943.0;239.0;826.0;622.0;1264.0
830.01;39.0;951.0;250.0;826.0;635.0;1268.0
831.01;39.0;951.0;250.0;826.0;635.0;1268.0
832.01;39.0;951.0;250.0;826.0;635.0;1268.0
833.01;40.5;951.0;250.0;826.0;635.0;1268.0
834.02;40.5;941.0;242.0;829.0;622.0;1259.0
835.01;40.5;941.0;242.0;829.0;622.0;1259.0
836.01;40.5;941.0;242.0;829.0;622.0;1259.0
837.01;40.8;941.0;242.0;829.0;622.0;1259.0
838.01;40.8;942.0;245.0;830.0;622.0;1261.0
839.07;40.8;942.0;245.0;830.0;622.0;1261.0
840.01;40.8;942.0;245.0;830.0;622.0;1261.0
841.01;40.3;942.0;245.0;830.0;622.0;1261.0
842.01;40.3;942.0;240.0;826.0;623.0;1262.0
843.01;40.3;942.0;240.0;826.0;623.0;1262.0
844.01;40.3;942.0;240.0;826.0;623.0;1262.0
845.01;39.0;942.0;240.0;826.0;623.0;1262.0
846.01;39.0;948.0;252.0;826.0;632.0;1264.0
847.01;39.0;948.0;252.0;826.0;632.0;1264.0
848.02;39.0;948.0;252.0;826.0;632.0;1264.0
849.01;39.3;948.0;252.0;826.0;632.0;1264.0
850.01;39.3;956.0;257.0;830.0;645.0;1268.0
851.01;39.3;956.0;257.0;830.0;645.0;1268.0
852.01;39.3;956.0;257.0;830.0;645.0;1268.0
853.01;39.8;956.0;257.0;830.0;645.0;1268.0
854.02;39.8;945.0;249.0;830.0;626.0;1264.0
855.01;39.8;945.0;249.0;830.0;626.0;1264.0
856.01;39.8;945.0;249.0;830.0;626.0;1264.0
857.01;40.3;945.0;249.0;830.0;626.0;1264.0
858.01;40.3;949.0;254.0;827.0;635.0;1264.0
859.01;40.3;949.0;254.0;827.0;635.0;1264.0
860.05;40.3;949.0;254.0;827.0;635.0;1264.0
861.01;40.3;949.0;254.0;827.0;635.0;1264.0
862.01;40.3;958.0;259.0;833.0;646.0;1270.0
863.01;40.3;958.0;259.0;833.0;646.0;1270.0
864.01;40.3;958.0;259.0;833.0;646.0;1270.0
865.01;39.3;958.0;259.0;833.0;646.0;1270.0
866.01;39.3;953.0;256.0;832.0;640.0;1266.0
867.01;39.3;953.0;256.0;832.0;640.0;1266.0
868.01;39.3;953.0;256.0;832.0;640.0;1266.0
869.02;39.8;953.0;256.0;832.0;640.0;1266.0
870.01;39.8;951.0;257.0;833.0;638.0;1265.0
871.01;39.8;951.0;257.0;833.0;638.0;1265.0
872.01;39.8;951.0;257.0;833.0;638.0;1265.0
873.05;39.0;951.0;257.0;833.0;638.0;1265.0
874.01;39.0;948.0;253.0;833.0;631.0;1266.0
875.01;39.0;948.0;253.0;833.0;631.0;1266.0
876.01;39.0;948.0;253.0;833.0;631.0;1266.0
877.01;40.8;948.0;253.0;833.0;631.0;1266.0
878.02;40.8;943.0;242.0;828.0;621.0;1265.0
879.01;40.8;943.0;242.0;828.0;621.0;1265.0
880.01;40.8;943.0;242.0;828.0;621.0;1265.0
881.01;39.5;943.0;242.0;828.0;621.0;1265.0
882.01;39.5;955.0;261.0;834.0;644.0;1267.0
883.01;39.5;955.0;261.0;834.0;644.0;1267.0
884.04;39.5;955.0;261.0;834.0;644.0;1267.0
885.01;40.8;955.0;261.0;834.0;644.0;1267.0
886.01;40.8;947.0;252.0;831.0;629.0;1265.0
887.01;40.8;947.0;252.0;831.0;629.0;1265.0
888.01;40.8;947.0;252.0;831.0;629.0;1265.0
889.01;39.3;947.0;252.0;831.0;629.0;1265.0
890.46;39.3;951.0;252.0;829.0;634.0;1268.0
891.01;39.3;951.0;252.0;829.0;634.0;1268.0
892.01;39.3;951.0;252.0;829.0;634.0;1268.0
893.01;40.3;951.0;252.0;829.0;634.0;1268.0
894.02;40.3;946.0;245.0;827.0;625.0;1266.0
895.01;40.3;946.0;245.0;827.0;625.0;1266.0
896.01;40.3;946.0;245.0;827.0;625.0;1266.0
897.01;40.8;946.0;245.0;827.0;625.0;1266.0
898.01;40.8;953.0;257.0;833.0;640.0;1266.0
899.01;40.8;953.0;257.0;833.0;640.0;1266.0
900.01;40.8;953.0;257.0;833.0;640.0;1266.0
901.05;39.5;942.0;243.0;829.0;622.0;1263.0
902.01;39.5;942.0;243.0;829.0;622.0;1263.0
903.01;39.5;942.0;243.0;829.0;622.0;1263.0
904.01;39.5;942.0;243.0;829.0;622.0;1263.0
905.01;40.5;942.0;243.0;829.0;622.0;1263.0
906.01;40.5;946.0;246.0;830.0;627.0;1265.0
907.01;40.5;946.0;246.0;830.0;627.0;1265.0
908.01;40.5;946.0;246.0;830.0;627.0;1265.0
909.09;39.5;948.0;246.0;828.0;630.0;1265.0
910.01;39.5;948.0;246.0;828.0;630.0;1265.0
911.01;39.5;948.0;246.0;828.0;630.0;1265.0
912.01;39.5;948.0;246.0;828.0;630.0;1265.0
913.01;40.8;948.0;246.0;828.0;630.0;1265.0
914.01;40.8;944.0;244.0;827.0;623.0;1264.0
915.01;40.8;944.0;244.0;827.0;623.0;1264.0
916.01;40.8;944.0;244.0;827.0;623.0;1264.0
917.04;39.5;944.0;244.0;827.0;623.0;1264.0
918.01;39.5;942.0;243.0;825.0;620.0;1263.0
919.01;39.5;942.0;243.0;825.0;620.0;1263.0
920.01;39.5;942.0;243.0;825.0;620.0;1263.0
921.01;40.8;942.0;243.0;825.0;620.0;1263.0
922.01;40.8;946.0;242.0;825.0;627.0;1266.0
923.01;40.8;946.0;242.0;825.0;627.0;1266.0
924.01;40.8;946.0;242.0;825.0;627.0;1266.0
925.34;40.5;955.0;256.0;831.0;640.0;1270.0
926.01;40.5;955.0;256.0;831.0;640.0;1270.0
927.01;40.5;955.0;256.0;831.0;640.0;1270.0
928.02;40.5;955.0;256.0;831.0;640.0;1270.0
929.01;41.0;955.0;256.0;831.0;640.0;1270.0
930.01;41.0;955.0;256.0;831.0;640.0;1270.0
931.01;41.0;946.0;246.0;830.0;625.0;1267.0
932.01;41.0;946.0;246.0;830.0;625.0;1267.0
933.01;41.0;946.0;246.0;830.0;625.0;1267.0
934.01;39.3;946.0;246.0;830.0;625.0;1267.0
935.01;39.3;937.0;240.0;822.0;614.0;1259.0
936.01;39.3;937.0;240.0;822.0;614.0;1259.0
937.01;39.3;937.0;240.0;822.0;614.0;1259.0
938.01;39.0;937.0;240.0;822.0;614.0;1259.0
939.01;39.0;947.0;250.0;825.0;629.0;1264.0
940.19;39.0;947.0;250.0;825.0;629.0;1264.0
941.01;39.0;947.0;250.0;825.0;629.0;1264.0
942.01;39.3;947.0;250.0;825.0;629.0;1264.0
943.01;39.3;935.0;234.0;822.0;611.0;1259.0
944.01;39.3;935.0;234.0;822.0;611.0;1259.0
945.01;39.3;935.0;234.0;822.0;611.0;1259.0
946.01;38.8;935.0;234.0;822.0;611.0;1259.0
947.01;38.8;936.0;235.0;823.0;611.0;1260.0
948.01;38.8;936.0;235.0;823.0;611.0;1260.0
949.01;38.8;936.0;235.0;823.0;611.0;1260.0
950.01;39.3;936.0;235.0;823.0;611.0;1260.0
951.01;39.3;938.0;237.0;824.0;611.0;1265.0
952.01;39.3;938.0;237.0;824.0;611.0;1265.0
953.02;39.3;938.0;237.0;824.0;611.0;1265.0
954.01;38.5;938.0;237.0;824.0;611.0;1265.0
955.01;38.5;931.0;229.0;817.0;607.0;1255.0
956.01;38.5;931.0;229.0;817.0;607.0;1255.0
957.01;38.5;931.0;229.0;817.0;607.0;1255.0
958.01;39.8;931.0;229.0;817.0;607.0;1255.0
959.01;39.8;940.0;240.0;822.0;618.0;1262.0
