t,cpu.0,cpu.1,cpu.2,cpu.3,gpu.0,gpu.1,gpu.2,gpu.3,ram.0,ram.1,net.0,net.1,disk.0,disk.1,disk.2,disk.3
0.034,15.2,3.2,66.7,42.5,13.0,45.0,52.0,604.0,52.7,31.9,0.0,0.0,0.0,1003.0,310.0,876.0
1.044,11.4,3.2,23.9,43.5,11.0,45.0,52.0,603.0,52.7,31.9,0.1,0.0,1.1,1003.0,310.0,876.0
2.036,7.2,3.2,15.6,43.5,3.0,45.0,52.0,604.0,52.7,31.9,0.0,0.0,0.4,1005.0,313.0,876.0
3.042,7.8,2.6,16.9,43.5,9.0,45.0,52.0,605.0,52.7,31.9,0.0,0.0,0.0,1005.0,313.0,876.0
4.026,20.6,3.2,56.2,43.5,4.0,45.0,52.0,604.0,52.7,31.9,0.2,0.1,0.1,1005.0,313.0,876.0
5.027,11.6,1.6,23.4,43.5,5.0,45.0,52.0,603.0,52.7,31.9,0.2,0.2,0.3,1005.0,313.0,876.0
6.056,8.0,1.2,24.3,43.5,6.0,46.0,52.0,604.0,52.7,31.9,0.1,0.0,0.1,1021.0,325.0,888.0
7.033,9.0,2.5,20.3,43.5,8.0,45.0,52.0,604.0,52.7,31.9,0.1,0.1,0.2,1021.0,325.0,888.0
8.034,6.7,1.2,15.9,43.5,11.0,45.0,52.0,603.0,52.7,31.9,0.1,0.1,0.2,1021.0,325.0,888.0
9.05,11.6,1.2,30.4,42.0,4.0,45.0,52.0,603.0,52.7,31.9,0.0,0.0,1.4,1021.0,325.0,888.0
10.047,7.1,1.2,20.6,42.0,7.0,45.0,52.0,604.0,52.7,31.9,0.2,0.2,0.0,1020.0,327.0,890.0
11.035,8.0,3.2,28.2,42.0,13.0,45.0,52.0,603.0,52.7,31.9,0.0,0.0,0.3,1020.0,327.0,890.0
12.036,5.3,1.2,15.6,42.0,10.0,45.0,52.0,604.0,52.7,31.9,0.0,0.0,0.1,1020.0,327.0,890.0
13.048,14.1,3.2,30.4,41.5,5.0,46.0,52.0,604.0,52.7,31.9,0.2,0.3,0.0,1020.0,327.0,890.0
14.042,16.8,3.2,40.3,41.5,3.0,45.0,52.0,603.0,52.7,31.9,0.1,0.2,0.6,1001.0,311.0,881.0
15.035,9.0,3.2,23.9,41.5,3.0,45.0,52.0,604.0,52.7,31.9,0.1,0.2,0.2,1001.0,311.0,881.0
16.035,6.9,3.2,20.0,41.5,6.0,45.0,52.0,603.0,52.7,31.9,0.0,0.0,0.1,1001.0,311.0,881.0
17.043,9.4,1.2,23.2,42.0,6.0,45.0,52.0,603.0,52.7,31.9,0.0,0.0,0.1,1001.0,311.0,881.0
18.056,5.5,1.2,16.2,42.0,13.0,46.0,52.0,603.0,52.7,31.9,0.0,0.0,0.0,1000.0,311.0,876.0
19.028,7.2,2.5,19.0,42.0,14.0,45.0,52.0,604.0,52.7,31.9,0.1,0.1,0.0,1000.0,311.0,876.0
20.031,9.3,3.2,23.1,42.0,6.0,45.0,52.0,603.0,52.8,31.9,0.2,0.2,0.1,1000.0,311.0,876.0
21.03,5.7,3.2,17.2,42.0,7.0,45.0,52.0,604.0,52.7,31.9,0.0,0.0,0.2,1000.0,311.0,876.0
22.053,8.8,3.2,22.9,42.0,6.0,46.0,52.0,605.0,52.7,31.9,0.0,0.0,0.0,1003.0,310.0,876.0
23.024,9.9,1.2,24.6,42.0,6.0,45.0,52.0,604.0,52.7,31.9,0.0,0.1,0.1,1003.0,310.0,876.0
24.032,8.6,3.2,30.1,42.0,9.0,45.0,52.0,603.0,52.7,31.9,0.0,0.0,0.0,1003.0,310.0,876.0
25.028,10.5,3.2,23.4,42.0,10.0,45.0,52.0,603.0,52.7,31.9,0.0,0.1,0.1,1003.0,310.0,876.0
26.026,9.3,2.6,20.0,42.0,13.0,46.0,52.0,604.0,52.7,31.9,0.3,0.2,0.1,1002.0,311.0,876.0
27.033,8.8,1.9,29.7,42.0,8.0,45.0,52.0,604.0,52.7,31.9,0.1,0.1,0.3,1002.0,311.0,876.0
28.049,7.1,1.2,16.9,42.0,6.0,45.0,52.0,604.0,52.7,31.9,0.2,0.1,0.1,1002.0,311.0,876.0
29.057,9.9,2.5,23.4,42.0,2.0,45.0,52.0,604.0,52.7,31.9,0.0,0.0,1.0,1002.0,311.0,876.0
30.029,8.1,2.9,21.7,42.0,2.0,45.0,52.0,603.0,52.7,31.9,0.0,0.0,0.1,1002.0,311.0,874.0
31.038,8.9,2.5,20.0,42.0,2.0,45.0,52.0,602.0,52.7,31.9,0.0,0.0,0.2,1002.0,311.0,874.0
32.045,8.5,1.2,25.0,42.0,3.0,46.0,52.0,602.0,52.7,31.9,0.0,0.0,0.1,1002.0,311.0,874.0
33.036,9.3,3.2,17.9,41.5,3.0,45.0,52.0,601.0,52.7,31.9,0.0,0.0,0.0,1002.0,311.0,874.0
34.024,11.5,3.2,23.9,41.5,2.0,45.0,52.0,600.0,52.7,31.9,0.0,0.0,0.1,1004.0,311.0,873.0
35.043,7.8,3.2,22.5,41.5,5.0,45.0,52.0,600.0,52.8,31.9,0.0,0.0,0.0,1004.0,311.0,873.0
36.035,11.3,2.3,25.0,41.5,1.0,45.0,52.0,600.0,52.7,31.9,0.3,0.2,0.1,1004.0,311.0,873.0
37.029,6.2,3.2,26.8,42.0,8.0,45.0,52.0,599.0,52.7,31.9,0.0,0.0,0.0,1004.0,311.0,873.0
38.043,10.2,1.2,18.5,42.0,9.0,45.0,52.0,600.0,52.8,31.9,0.0,0.0,0.3,1001.0,311.0,876.0
39.028,14.3,2.1,34.8,42.0,6.0,45.0,52.0,600.0,52.8,31.9,4.3,8.4,0.5,1001.0,311.0,876.0
40.051,8.1,3.2,23.6,42.0,4.0,45.0,52.0,600.0,52.8,31.9,0.0,0.0,0.0,1001.0,311.0,876.0
41.027,8.0,1.2,22.9,42.0,5.0,45.0,52.0,601.0,52.8,31.9,0.0,0.0,0.0,1001.0,311.0,876.0
42.025,9.2,2.8,31.9,42.0,5.0,45.0,52.0,600.0,52.8,31.9,0.0,0.0,0.0,1001.0,311.0,876.0
43.049,6.7,2.3,16.9,42.0,3.0,46.0,52.0,601.0,52.8,31.9,0.1,0.1,0.0,1001.0,311.0,876.0
44.035,10.5,2.2,29.2,42.0,7.0,45.0,52.0,601.0,52.8,31.9,0.1,0.1,0.6,1001.0,311.0,876.0
45.024,11.5,3.2,26.5,42.3,4.0,45.0,52.0,600.0,52.8,31.9,0.2,0.3,0.3,1001.0,311.0,876.0
46.047,10.1,3.2,28.2,42.3,6.0,46.0,52.0,601.0,52.8,31.9,0.1,0.1,0.3,1001.0,311.0,873.0
47.023,6.0,3.2,13.6,42.3,14.0,45.0,52.0,601.0,52.8,31.9,0.0,0.1,0.0,1001.0,311.0,873.0
48.039,8.8,1.2,20.0,42.3,5.0,46.0,52.0,600.0,52.7,31.9,0.0,0.0,0.2,1001.0,311.0,873.0
49.032,8.0,3.2,15.6,42.0,8.0,46.0,52.0,600.0,52.8,31.9,0.0,0.1,0.0,1001.0,311.0,873.0
50.03,9.1,1.2,33.8,42.0,7.0,45.0,52.0,600.0,52.8,31.9,0.1,0.1,0.0,1002.0,311.0,875.0
51.048,12.8,1.3,21.9,42.0,6.0,45.0,52.0,600.0,52.8,31.9,0.1,0.2,0.1,1002.0,311.0,875.0
52.028,10.8,2.9,25.0,42.0,4.0,45.0,52.0,601.0,52.8,31.9,4.2,8.2,0.3,1002.0,311.0,875.0
53.039,8.9,1.2,21.7,42.0,18.0,46.0,52.0,601.0,52.8,31.9,0.1,0.0,0.0,1002.0,311.0,875.0
54.035,7.5,2.5,16.4,42.0,5.0,46.0,52.0,601.0,52.8,31.9,0.3,0.6,0.0,1002.0,311.0,876.0
55.036,15.9,3.2,38.0,42.0,7.0,45.0,52.0,602.0,52.8,31.9,4.1,8.0,0.5,1002.0,311.0,876.0
56.036,7.5,3.2,29.6,42.0,19.0,46.0,52.0,602.0,52.8,31.9,0.1,0.0,0.0,1002.0,311.0,876.0
57.056,6.3,3.2,18.8,42.0,6.0,45.0,52.0,603.0,52.8,31.9,0.1,0.1,0.1,1002.0,311.0,876.0
58.043,5.7,3.2,15.4,42.0,6.0,45.0,52.0,603.0,52.8,31.9,0.0,0.0,0.0,998.0,311.0,875.0
59.042,7.9,3.2,23.5,42.0,8.0,46.0,52.0,603.0,52.6,31.9,0.0,0.0,1.0,998.0,311.0,875.0
60.037,7.3,3.2,26.5,42.0,8.0,45.0,52.0,603.0,52.7,31.9,0.0,0.0,0.0,998.0,311.0,875.0
61.047,7.4,3.2,26.4,41.8,6.0,45.0,52.0,603.0,52.7,31.9,0.0,0.0,0.2,998.0,311.0,875.0
62.033,8.1,3.2,22.2,41.8,4.0,45.0,52.0,603.0,52.6,31.9,0.0,0.0,0.2,1003.0,311.0,874.0
63.04,5.9,3.2,17.9,41.8,3.0,46.0,52.0,604.0,52.7,31.9,0.2,0.1,0.3,1003.0,311.0,874.0
64.046,10.2,2.5,27.1,41.8,8.0,45.0,52.0,604.0,52.6,31.9,0.0,0.0,0.0,1003.0,311.0,874.0
65.037,16.3,1.2,39.1,41.8,8.0,45.0,52.0,604.0,52.7,31.9,0.1,0.1,0.6,1003.0,311.0,874.0
66.055,15.4,3.2,39.4,41.8,15.0,45.0,52.0,604.0,52.6,31.9,0.0,0.0,0.2,1001.0,311.0,873.0
67.031,13.3,3.2,39.7,41.8,14.0,45.0,52.0,605.0,52.7,31.9,0.0,0.0,0.3,1001.0,311.0,873.0
68.035,19.6,3.2,31.2,41.8,6.0,45.0,52.0,604.0,52.7,31.9,0.1,0.2,0.3,1001.0,311.0,873.0
69.036,19.4,1.3,35.9,42.5,8.0,46.0,52.0,604.0,52.8,31.9,0.3,0.5,0.1,1001.0,311.0,873.0
70.043,29.8,2.8,42.2,42.5,11.0,46.0,52.0,603.0,53.5,31.9,0.2,0.5,0.7,1003.0,311.0,876.0
71.042,17.5,3.1,32.8,42.5,9.0,45.0,52.0,603.0,53.7,31.9,4.2,2.2,11.5,1003.0,311.0,876.0
72.053,14.6,3.2,27.7,42.5,6.0,45.0,52.0,604.0,53.7,31.9,1.9,1.0,0.6,1003.0,311.0,876.0
73.045,14.6,1.2,31.8,43.5,4.0,45.0,52.0,604.0,53.7,31.9,0.0,0.0,0.0,1003.0,311.0,876.0
74.039,15.3,3.1,28.1,43.5,3.0,46.0,51.0,603.0,53.7,31.9,0.0,0.0,0.5,1028.0,333.0,895.0
75.055,13.6,3.2,46.9,43.5,7.0,45.0,52.0,604.0,53.7,31.9,0.0,0.0,0.2,1028.0,333.0,895.0
76.043,14.4,3.2,29.9,43.5,6.0,45.0,52.0,604.0,53.6,31.9,0.0,0.0,0.0,1028.0,333.0,895.0
77.039,11.8,3.2,28.1,43.3,4.0,45.0,52.0,603.0,53.6,31.9,0.0,0.0,0.2,1028.0,333.0,895.0
78.053,14.9,1.2,33.3,43.3,5.0,45.0,52.0,604.0,53.6,31.9,0.0,0.0,0.0,1029.0,336.0,900.0
79.045,15.1,2.8,26.2,43.3,6.0,45.0,52.0,603.0,53.6,31.9,0.0,0.0,0.0,1029.0,336.0,900.0
80.039,12.7,1.2,26.2,43.3,3.0,45.0,52.0,603.0,53.6,31.9,0.0,0.0,0.0,1029.0,336.0,900.0
81.035,15.4,1.2,38.1,43.8,6.0,45.0,52.0,603.0,53.6,31.9,0.0,0.0,0.0,1029.0,336.0,900.0
82.034,14.0,1.2,25.8,43.8,11.0,45.0,52.0,603.0,53.6,31.9,0.0,0.0,0.1,1027.0,335.0,900.0
83.039,15.7,1.2,31.2,43.8,4.0,45.0,52.0,604.0,53.6,31.9,0.0,0.0,0.3,1027.0,335.0,900.0
84.056,20.0,1.2,39.4,43.8,10.0,45.0,52.0,603.0,53.6,31.9,0.0,0.0,0.0,1027.0,335.0,900.0
85.028,13.6,3.2,35.9,43.3,6.0,45.0,51.0,604.0,53.4,31.9,0.0,0.0,0.0,1027.0,335.0,900.0
86.038,15.3,1.2,31.8,43.3,6.0,45.0,52.0,604.0,53.4,31.9,0.0,0.0,0.0,1028.0,335.0,900.0
87.028,14.2,3.2,30.2,43.3,2.0,45.0,52.0,604.0,53.4,31.9,0.1,0.1,8.2,1028.0,335.0,900.0
88.043,9.5,3.2,21.5,43.3,4.0,45.0,52.0,604.0,53.4,31.9,4.0,7.9,0.0,1028.0,335.0,900.0
89.048,7.9,3.2,25.4,42.8,3.0,45.0,52.0,604.0,53.4,31.9,0.0,0.0,0.5,1028.0,335.0,900.0
90.028,7.1,3.2,19.0,42.8,6.0,46.0,52.0,604.0,53.4,31.9,0.0,0.0,0.1,1023.0,333.0,897.0
91.035,9.4,3.1,21.2,42.8,12.0,45.0,52.0,603.0,53.4,31.9,0.0,0.0,0.0,1023.0,333.0,897.0
92.047,7.1,2.1,16.9,42.8,5.0,45.0,52.0,602.0,53.4,31.9,0.0,0.0,0.4,1023.0,333.0,897.0
93.03,7.2,1.5,17.2,42.0,5.0,45.0,52.0,603.0,53.5,31.9,0.1,0.1,0.1,1023.0,333.0,897.0
94.052,10.3,2.3,20.0,42.0,14.0,45.0,52.0,603.0,53.4,31.9,0.0,0.0,0.0,1004.0,313.0,882.0
95.038,12.8,3.2,25.4,42.0,12.0,46.0,52.0,603.0,53.4,31.9,0.1,0.2,0.0,1004.0,313.0,882.0
96.058,12.7,2.6,24.6,42.0,3.0,45.0,52.0,604.0,53.4,31.9,0.0,0.0,0.1,1004.0,313.0,882.0
97.049,6.7,3.2,15.6,42.0,12.0,45.0,52.0,603.0,53.5,31.9,0.1,0.0,0.2,1004.0,313.0,882.0
98.042,10.4,3.2,20.6,42.0,13.0,45.0,52.0,604.0,53.4,31.9,0.2,0.1,0.2,1002.0,310.0,876.0
99.04,7.1,2.9,20.3,42.0,12.0,45.0,52.0,603.0,53.5,31.9,0.1,0.2,0.1,1002.0,310.0,876.0
100.045,5.7,2.6,14.9,42.0,3.0,45.0,52.0,604.0,53.4,31.9,0.0,0.0,0.0,1002.0,310.0,876.0
101.035,7.3,2.1,20.0,42.0,11.0,46.0,52.0,605.0,53.5,31.9,0.0,0.0,0.1,1002.0,310.0,876.0
102.039,8.6,3.2,23.1,42.0,2.0,45.0,52.0,604.0,53.5,31.9,0.1,0.2,0.0,1003.0,311.0,874.0
103.038,6.8,3.2,15.4,42.0,5.0,45.0,52.0,604.0,53.4,31.9,0.0,0.0,2.3,1003.0,311.0,874.0
104.032,10.0,1.2,25.4,42.0,5.0,45.0,52.0,604.0,53.4,31.9,0.0,0.0,0.5,1003.0,311.0,874.0
105.026,7.8,3.2,17.9,42.0,2.0,45.0,52.0,604.0,53.4,31.9,0.0,0.0,0.3,1003.0,311.0,874.0
106.05,8.2,1.5,24.3,42.0,4.0,45.0,52.0,603.0,53.4,31.9,0.0,0.0,0.0,1003.0,311.0,875.0
107.035,7.2,3.2,22.1,42.0,2.0,46.0,52.0,603.0,53.4,31.9,0.1,0.1,0.1,1003.0,311.0,875.0
108.04,7.6,3.2,20.3,42.0,7.0,45.0,52.0,604.0,53.4,31.9,0.0,0.0,0.2,1003.0,311.0,875.0
109.052,8.0,2.1,20.0,41.8,3.0,45.0,52.0,603.0,53.4,31.9,0.0,0.0,0.0,1003.0,311.0,875.0
110.032,8.9,3.2,20.6,41.8,5.0,46.0,52.0,603.0,53.4,31.9,0.0,0.0,0.0,1003.0,311.0,874.0
111.033,7.2,1.8,16.9,41.8,2.0,45.0,52.0,602.0,53.4,31.9,0.0,0.0,0.1,1003.0,311.0,874.0
112.028,7.4,3.2,21.7,41.8,0.0,45.0,52.0,603.0,53.4,31.9,0.0,0.0,1.6,1003.0,311.0,874.0
113.044,8.4,1.2,17.6,41.5,5.0,45.0,52.0,602.0,53.5,31.9,0.0,0.0,0.1,1003.0,311.0,874.0
114.038,8.1,3.2,20.3,41.5,4.0,45.0,52.0,602.0,53.5,31.9,0.0,0.0,0.0,1003.0,310.0,876.0
115.046,7.4,3.2,20.0,41.5,7.0,45.0,52.0,602.0,53.2,31.9,0.0,0.0,0.1,1003.0,310.0,876.0
116.036,7.0,2.9,15.6,41.5,2.0,45.0,52.0,603.0,53.3,31.9,0.0,0.0,0.0,1003.0,310.0,876.0
117.042,5.0,1.9,17.2,42.0,5.0,45.0,52.0,603.0,53.2,31.9,0.0,0.0,0.3,1003.0,310.0,876.0
118.046,8.2,3.2,15.6,42.0,4.0,45.0,52.0,602.0,53.2,31.9,0.0,0.0,11.0,1001.0,311.0,875.0
119.03,7.7,3.2,18.2,42.0,7.0,45.0,52.0,601.0,53.2,31.9,0.0,0.0,0.4,1001.0,311.0,875.0
120.063,5.0,1.6,14.5,42.0,9.0,45.0,52.0,600.0,53.2,31.9,0.0,0.0,0.1,1001.0,311.0,875.0
121.033,6.4,1.2,15.9,41.3,4.0,45.0,52.0,600.0,53.2,31.9,0.0,0.0,0.0,1001.0,311.0,875.0
122.041,6.3,2.3,17.2,41.3,13.0,45.0,52.0,601.0,53.2,31.9,0.0,0.0,0.2,1003.0,310.0,873.0
123.033,8.3,3.2,18.2,41.3,11.0,45.0,52.0,600.0,53.2,31.9,0.0,0.0,0.3,1003.0,310.0,873.0
124.026,7.9,3.2,24.6,41.3,7.0,45.0,52.0,600.0,53.2,31.9,0.0,0.0,0.0,1003.0,310.0,873.0
125.044,8.2,3.2,22.7,41.8,18.0,45.0,52.0,600.0,53.3,31.9,0.2,0.2,0.0,1003.0,310.0,873.0
126.032,4.7,3.2,14.3,41.8,7.0,45.0,52.0,600.0,53.2,31.9,0.0,0.0,0.0,1002.0,311.0,876.0
127.044,9.1,2.8,23.1,41.8,7.0,45.0,52.0,599.0,53.2,31.9,0.0,0.0,0.2,1002.0,311.0,876.0
128.047,9.4,1.2,18.2,41.8,10.0,45.0,52.0,600.0,53.3,31.9,0.2,0.1,0.1,1002.0,311.0,876.0
129.04,7.4,2.6,18.5,41.3,6.0,45.0,52.0,599.0,53.3,31.9,0.0,0.0,0.1,1002.0,311.0,876.0
130.036,11.1,2.5,24.6,41.3,4.0,45.0,52.0,600.0,53.2,31.9,0.0,0.0,0.0,1000.0,311.0,875.0
131.034,6.6,2.5,15.9,41.3,8.0,45.0,52.0,600.0,53.2,31.9,0.0,0.0,0.0,1000.0,311.0,875.0
132.04,8.7,2.8,19.4,41.3,8.0,45.0,52.0,601.0,53.2,31.9,0.0,0.0,0.0,1000.0,311.0,875.0
133.046,8.8,3.1,18.8,41.5,5.0,45.0,52.0,601.0,53.2,31.9,0.0,0.0,0.0,1000.0,311.0,875.0
134.026,6.6,3.2,17.5,41.5,10.0,45.0,52.0,601.0,53.2,31.9,0.0,0.0,0.5,1002.0,311.0,873.0
135.033,6.9,2.8,24.6,41.5,3.0,45.0,52.0,601.0,53.2,31.9,0.0,0.0,0.0,1002.0,311.0,873.0
136.034,10.2,2.1,23.4,41.5,6.0,45.0,52.0,602.0,53.2,31.9,3.5,6.9,0.3,1002.0,311.0,873.0
137.027,10.1,2.9,20.0,41.3,15.0,45.0,52.0,603.0,53.2,31.9,1.1,2.0,0.7,1002.0,311.0,873.0
138.029,6.5,2.6,17.2,41.3,11.0,45.0,52.0,603.0,53.2,31.9,0.1,0.1,0.0,1002.0,311.0,873.0
139.032,5.8,3.2,16.9,41.3,1.0,45.0,51.0,602.0,53.2,31.9,0.0,0.0,0.1,1002.0,311.0,873.0
140.031,6.9,3.2,20.6,41.3,14.0,45.0,52.0,602.0,53.2,31.9,0.1,0.1,0.1,1002.0,311.0,873.0
141.037,7.9,3.2,15.9,41.8,8.0,45.0,52.0,603.0,53.2,31.9,0.1,0.1,0.1,1002.0,311.0,873.0
142.045,12.6,3.2,26.6,41.8,6.0,45.0,52.0,603.0,53.2,31.9,4.3,8.3,0.2,1003.0,311.0,874.0
143.042,9.5,1.2,18.8,41.8,4.0,45.0,52.0,603.0,53.2,31.9,0.0,0.0,0.1,1003.0,311.0,874.0
144.042,8.8,3.1,21.4,41.8,10.0,45.0,52.0,603.0,53.2,31.9,0.0,0.0,0.0,1003.0,311.0,874.0
145.035,6.7,3.2,17.9,41.8,4.0,45.0,52.0,603.0,53.0,31.9,0.0,0.1,0.0,1003.0,311.0,874.0
146.033,6.5,1.2,18.8,41.8,5.0,45.0,52.0,603.0,53.0,31.9,0.0,0.0,0.0,1001.0,311.0,876.0
147.031,7.9,3.2,20.3,41.8,13.0,45.0,52.0,602.0,53.0,31.9,0.1,0.1,0.2,1001.0,311.0,876.0
148.046,7.9,2.9,20.6,41.8,2.0,45.0,52.0,604.0,53.0,31.9,0.0,0.0,0.0,1001.0,311.0,876.0
149.027,10.6,3.2,19.7,41.8,5.0,45.0,52.0,604.0,53.0,31.9,0.1,0.1,1.1,1001.0,311.0,876.0
150.033,6.5,3.2,19.1,41.8,3.0,45.0,52.0,603.0,53.0,31.9,0.0,0.0,0.0,1002.0,310.0,876.0
151.026,7.0,3.2,17.2,41.8,4.0,45.0,52.0,604.0,53.0,31.9,0.3,0.7,0.1,1002.0,310.0,876.0
152.043,6.4,3.2,21.1,41.8,4.0,45.0,52.0,603.0,53.0,31.9,0.0,0.0,0.0,1002.0,310.0,876.0
153.023,8.7,3.2,23.2,42.0,3.0,45.0,52.0,603.0,53.0,31.9,0.0,0.0,0.1,1002.0,310.0,876.0
154.045,7.4,3.1,20.0,42.0,6.0,45.0,52.0,603.0,53.0,31.9,0.0,0.0,0.0,1002.0,311.0,873.0
155.035,7.2,3.2,19.4,42.0,7.0,45.0,52.0,604.0,53.1,31.9,0.0,0.0,0.0,1002.0,311.0,873.0
156.026,12.6,3.2,27.0,42.0,6.0,45.0,52.0,604.0,53.0,31.9,1.7,3.5,0.4,1002.0,311.0,873.0
157.038,16.7,2.5,31.4,42.5,8.0,45.0,52.0,604.0,53.0,31.9,2.5,4.9,0.1,1002.0,311.0,873.0
158.042,10.6,1.2,23.9,42.5,5.0,45.0,52.0,605.0,53.0,31.9,0.1,0.0,0.0,1002.0,311.0,878.0
159.04,11.6,1.3,23.1,42.5,3.0,45.0,52.0,605.0,53.0,31.9,0.1,0.2,0.2,1002.0,311.0,878.0
160.038,9.5,2.1,19.7,42.5,7.0,45.0,52.0,604.0,53.0,31.9,0.0,0.0,0.0,1002.0,311.0,878.0
161.025,6.4,3.2,19.0,41.8,12.0,45.0,52.0,604.0,53.0,31.9,0.1,0.1,0.1,1002.0,311.0,878.0
162.031,11.3,1.2,25.8,41.8,3.0,45.0,52.0,604.0,53.0,31.9,0.1,0.1,0.8,1000.0,311.0,874.0
163.046,9.6,1.3,21.9,41.8,10.0,45.0,52.0,605.0,53.1,31.9,4.2,8.4,0.4,1000.0,311.0,874.0
164.039,11.6,1.9,25.0,41.8,4.0,45.0,52.0,604.0,53.0,31.9,0.1,0.2,0.5,1000.0,311.0,874.0
165.028,6.0,1.2,16.7,42.0,2.0,45.0,52.0,604.0,53.0,31.9,0.0,0.0,0.3,1000.0,311.0,874.0
166.028,7.4,3.2,18.8,42.0,2.0,45.0,52.0,604.0,53.0,31.9,0.4,0.7,0.1,1001.0,311.0,876.0
167.052,8.2,2.5,28.0,42.0,8.0,45.0,52.0,604.0,53.0,31.9,0.2,0.1,0.1,1001.0,311.0,876.0
168.038,6.5,1.2,23.5,42.0,3.0,45.0,52.0,605.0,53.0,31.9,0.1,0.1,0.0,1001.0,311.0,876.0
169.045,8.9,3.2,23.5,41.8,10.0,45.0,52.0,605.0,53.0,31.9,0.0,0.0,0.2,1001.0,311.0,876.0
170.036,11.4,3.2,27.1,41.8,3.0,45.0,52.0,605.0,53.0,31.9,0.1,0.1,0.0,1002.0,311.0,876.0
171.028,6.7,3.2,19.1,41.8,2.0,45.0,52.0,605.0,53.0,31.9,0.4,0.8,0.0,1002.0,311.0,876.0
172.044,8.3,3.2,17.6,41.8,2.0,45.0,52.0,605.0,53.0,31.9,0.0,0.0,0.0,1002.0,311.0,876.0
173.03,13.3,3.2,34.8,41.5,7.0,45.0,52.0,605.0,53.0,31.9,4.4,8.6,1.0,1002.0,311.0,876.0
174.032,7.7,1.2,22.9,41.5,4.0,45.0,52.0,605.0,53.0,31.9,0.0,0.0,0.0,1001.0,311.0,875.0
175.047,7.1,3.2,16.2,41.5,9.0,45.0,52.0,605.0,53.1,31.9,0.1,0.1,0.0,1001.0,311.0,875.0
176.045,7.5,1.2,15.4,41.5,3.0,45.0,52.0,605.0,53.0,31.9,0.0,0.0,0.0,1001.0,311.0,875.0
177.032,4.9,3.2,12.5,41.5,11.0,45.0,52.0,604.0,53.0,31.9,0.0,0.0,0.1,1001.0,311.0,875.0
178.048,7.9,3.2,20.3,41.5,5.0,45.0,52.0,604.0,52.9,31.9,0.0,0.0,0.0,1001.0,311.0,875.0
179.036,9.1,1.2,26.8,41.5,1.0,45.0,52.0,605.0,53.0,31.9,0.0,0.0,1.1,1001.0,311.0,875.0
180.05,7.5,1.2,15.9,41.5,8.0,45.0,52.0,604.0,52.9,31.9,0.0,0.0,0.0,1001.0,311.0,875.0
181.035,6.7,1.2,26.1,41.0,5.0,45.0,52.0,605.0,53.0,31.9,0.0,0.0,0.0,1001.0,311.0,875.0
182.033,8.2,2.8,23.1,41.0,5.0,45.0,52.0,605.0,53.0,31.9,0.0,0.0,0.2,1001.0,311.0,877.0
183.04,8.8,1.9,26.4,41.0,6.0,45.0,52.0,606.0,53.0,31.9,0.0,0.0,0.0,1001.0,311.0,877.0
184.026,8.7,3.2,27.5,41.0,6.0,45.0,52.0,605.0,53.0,31.9,0.0,0.0,0.1,1001.0,311.0,877.0
185.028,8.0,3.2,20.3,41.0,1.0,45.0,52.0,605.0,53.0,31.9,0.0,0.0,0.2,1001.0,311.0,877.0
186.035,7.1,3.2,21.5,41.0,9.0,45.0,52.0,605.0,53.0,31.9,0.0,0.0,0.0,988.0,290.0,867.0
187.05,8.5,2.1,20.0,41.0,3.0,45.0,52.0,604.0,53.0,31.9,0.0,0.0,0.1,988.0,290.0,867.0
188.04,10.1,3.1,20.0,41.0,5.0,45.0,52.0,604.0,53.0,31.9,0.2,0.3,0.1,988.0,290.0,867.0
189.031,11.6,3.2,31.2,41.0,2.0,45.0,52.0,605.0,53.0,31.9,0.0,0.0,0.0,988.0,290.0,867.0
190.03,10.0,3.2,30.1,41.0,8.0,45.0,52.0,606.0,53.0,31.9,0.0,0.0,0.0,979.0,284.0,863.0
191.042,8.0,3.2,15.6,41.0,2.0,45.0,52.0,605.0,53.0,31.9,0.0,0.0,0.6,979.0,284.0,863.0
192.03,10.3,3.2,21.9,41.0,9.0,45.0,52.0,605.0,52.9,31.9,0.0,0.0,0.0,979.0,284.0,863.0
193.05,6.6,3.1,13.6,41.0,2.0,45.0,52.0,606.0,53.0,31.9,0.0,0.0,0.1,979.0,284.0,863.0
194.037,7.9,3.1,23.5,41.0,4.0,45.0,52.0,606.0,53.0,31.9,0.0,0.0,0.5,979.0,283.0,863.0
195.053,8.0,1.3,22.4,41.0,2.0,45.0,51.0,605.0,53.0,31.9,0.0,0.0,0.2,979.0,283.0,863.0
196.044,6.7,3.2,25.7,41.0,3.0,45.0,51.0,605.0,53.0,31.9,0.0,0.0,0.1,979.0,283.0,863.0
197.036,6.9,2.5,20.0,40.8,4.0,45.0,52.0,604.0,52.9,31.9,0.0,0.0,0.2,979.0,283.0,863.0
198.044,7.8,2.5,28.2,40.8,4.0,45.0,52.0,604.0,53.0,31.9,0.0,0.0,0.0,980.0,283.0,864.0
199.045,6.6,3.2,20.3,40.8,11.0,45.0,52.0,604.0,53.0,31.9,0.2,0.1,0.1,980.0,283.0,864.0
200.047,7.5,3.2,18.8,40.8,4.0,45.0,52.0,604.0,53.0,31.9,0.0,0.0,0.0,980.0,283.0,864.0
201.041,8.7,3.2,25.4,41.0,1.0,45.0,52.0,604.0,53.0,31.9,0.0,0.0,0.1,980.0,283.0,864.0
202.036,9.1,3.1,28.2,41.0,1.0,45.0,52.0,603.0,52.9,31.9,0.0,0.0,0.1,981.0,283.0,862.0
203.041,8.5,1.3,22.9,41.0,5.0,45.0,52.0,603.0,53.0,31.9,0.1,0.2,0.1,981.0,283.0,862.0
204.039,13.2,3.2,37.0,41.0,2.0,45.0,52.0,602.0,53.0,31.9,4.3,8.5,1.9,981.0,283.0,862.0
205.034,24.4,1.6,45.1,41.8,5.0,45.0,52.0,602.0,53.1,31.9,0.1,0.0,0.1,981.0,283.0,862.0
206.051,43.6,3.2,75.4,41.8,14.0,45.0,52.0,601.0,53.3,31.9,0.2,0.2,2.1,980.0,282.0,863.0
207.038,45.3,3.2,73.0,41.8,9.0,45.0,52.0,601.0,53.3,31.9,1.3,0.6,2.3,980.0,282.0,863.0
208.027,15.7,3.2,32.8,41.8,3.0,45.0,52.0,602.0,53.4,31.9,0.4,0.1,0.6,980.0,282.0,863.0
209.029,26.5,3.2,47.8,44.3,4.0,45.0,53.0,601.0,53.9,31.9,0.6,0.2,8.0,980.0,282.0,863.0
210.04,31.8,3.2,59.4,44.3,41.0,45.0,54.0,600.0,53.9,31.9,0.1,0.1,7.9,1037.0,337.0,898.0
211.029,15.5,3.2,31.8,44.3,5.0,45.0,53.0,600.0,54.0,31.9,0.9,0.2,0.5,1037.0,337.0,898.0
212.028,28.8,3.2,49.2,44.3,6.0,45.0,53.0,600.0,54.0,31.9,0.1,0.1,1.9,1037.0,337.0,898.0
213.043,12.2,3.2,23.4,44.0,6.0,45.0,53.0,601.0,53.9,31.9,0.0,0.1,0.3,1037.0,337.0,898.0
214.025,20.1,3.2,34.9,44.0,4.0,45.0,53.0,601.0,53.9,31.9,0.0,0.1,1.2,1059.0,358.0,918.0
215.031,13.4,3.2,29.2,44.0,4.0,45.0,53.0,601.0,53.9,31.9,0.0,0.0,0.8,1059.0,358.0,918.0
216.037,19.5,3.2,46.2,44.0,5.0,45.0,53.0,602.0,53.9,31.9,0.0,0.0,0.4,1059.0,358.0,918.0
217.032,12.1,3.2,26.6,42.5,4.0,45.0,53.0,602.0,53.9,31.9,0.3,0.1,0.7,1059.0,358.0,918.0
218.046,17.5,1.2,34.8,42.5,7.0,45.0,53.0,602.0,54.0,31.9,0.0,0.0,1.1,1026.0,338.0,902.0
219.026,20.3,3.2,43.8,42.5,10.0,45.0,53.0,601.0,53.9,31.9,0.2,0.3,0.5,1026.0,338.0,902.0
220.043,21.0,3.1,66.2,42.5,5.0,45.0,52.0,602.0,53.8,31.9,0.0,0.0,0.0,1026.0,338.0,902.0
221.031,8.0,2.2,20.3,42.8,3.0,45.0,52.0,603.0,53.9,31.9,0.0,0.0,1.2,1026.0,338.0,902.0
222.038,6.6,3.2,17.4,42.8,5.0,45.0,52.0,602.0,53.9,31.9,0.2,0.1,0.9,1034.0,339.0,904.0
223.034,5.6,3.2,17.5,42.8,7.0,45.0,52.0,603.0,53.9,31.9,0.0,0.0,0.2,1034.0,339.0,904.0
224.041,12.2,2.5,25.4,42.8,7.0,45.0,52.0,604.0,53.9,31.9,0.1,0.1,0.4,1034.0,339.0,904.0
225.038,14.6,1.2,28.1,42.0,4.0,45.0,51.0,603.0,53.9,31.9,4.3,8.5,1.0,1034.0,339.0,904.0
226.042,12.6,3.2,29.7,42.0,3.0,45.0,52.0,603.0,53.8,31.9,0.1,0.0,0.1,1016.0,318.0,888.0
227.034,6.8,3.2,18.5,42.0,13.0,45.0,52.0,604.0,53.9,31.9,0.1,0.1,0.4,1016.0,318.0,888.0
228.051,6.2,1.2,12.5,42.0,6.0,45.0,52.0,604.0,53.9,31.9,0.0,0.0,0.0,1016.0,318.0,888.0
229.05,11.9,3.2,33.3,42.0,8.0,45.0,52.0,604.0,53.8,31.9,2.2,4.1,0.0,1016.0,318.0,888.0
230.033,9.1,3.2,23.4,42.0,10.0,45.0,52.0,605.0,53.9,31.9,0.3,0.4,0.0,1002.0,311.0,877.0
231.032,6.8,3.2,21.4,42.0,7.0,45.0,52.0,605.0,53.9,31.9,0.1,0.1,0.2,1002.0,311.0,877.0
232.028,13.6,3.2,30.4,42.0,3.0,45.0,52.0,605.0,53.8,31.9,0.2,0.2,0.1,1002.0,311.0,877.0
233.039,10.2,3.2,21.5,42.0,6.0,45.0,52.0,605.0,53.9,31.9,0.1,0.2,0.1,1002.0,311.0,877.0
234.035,12.0,3.2,27.5,42.0,5.0,45.0,52.0,604.0,53.9,31.9,0.3,0.4,0.0,1001.0,311.0,876.0
235.029,18.0,2.3,31.9,42.0,4.0,45.0,52.0,604.0,53.8,31.9,0.2,0.3,24.7,1001.0,311.0,876.0
236.026,14.8,3.2,35.9,42.0,6.0,45.0,52.0,604.0,53.8,31.9,6.5,12.4,5.5,1001.0,311.0,876.0
237.027,7.2,3.2,23.2,42.3,6.0,45.0,51.0,604.0,53.8,31.9,0.0,0.0,0.0,1001.0,311.0,876.0
238.052,8.5,1.6,17.4,42.3,11.0,45.0,51.0,604.0,53.9,31.9,0.1,0.1,0.6,1001.0,310.0,874.0
239.052,13.6,1.2,34.9,42.3,11.0,45.0,52.0,605.0,53.8,31.9,2.3,4.4,1.3,1001.0,310.0,874.0
240.028,7.7,3.2,23.5,42.3,10.0,45.0,52.0,605.0,53.8,31.9,0.1,0.1,0.0,1001.0,310.0,874.0
241.042,7.3,3.2,20.0,41.8,7.0,45.0,51.0,605.0,53.7,31.9,0.1,0.1,0.0,1001.0,310.0,874.0
242.042,11.2,2.5,25.0,41.8,14.0,45.0,52.0,605.0,53.8,31.9,0.2,0.3,0.4,1002.0,310.0,874.0
243.035,12.4,3.2,33.8,41.8,5.0,45.0,52.0,605.0,53.8,31.9,0.1,0.1,88.6,1002.0,310.0,874.0
244.028,13.0,3.2,33.3,41.8,5.0,45.0,51.0,605.0,54.3,31.9,1.3,2.4,232.5,1002.0,310.0,874.0
245.034,12.2,3.2,29.2,42.0,9.0,45.0,51.0,605.0,54.3,31.9,3.8,7.4,0.0,1002.0,310.0,874.0
246.024,7.1,3.2,15.9,42.0,7.0,45.0,52.0,605.0,54.3,31.9,0.1,0.1,0.0,1000.0,310.0,875.0
247.039,8.5,3.2,22.4,42.0,5.0,45.0,52.0,604.0,54.3,31.9,0.1,0.1,0.4,1000.0,310.0,875.0
248.038,10.0,1.2,21.2,42.0,8.0,45.0,52.0,604.0,54.4,31.9,0.1,0.1,0.2,1000.0,310.0,875.0
249.056,12.3,3.1,26.2,42.0,6.0,45.0,52.0,603.0,54.3,31.9,0.1,0.1,0.1,1000.0,310.0,875.0
250.044,9.5,3.2,28.6,42.0,5.0,45.0,51.0,603.0,54.3,31.9,0.1,0.1,0.1,1000.0,311.0,875.0
251.034,10.4,3.2,29.7,42.0,7.0,45.0,52.0,604.0,54.3,31.9,0.1,0.1,0.0,1000.0,311.0,875.0
252.043,13.5,1.6,25.0,42.0,5.0,45.0,52.0,604.0,54.3,31.9,0.2,0.2,0.6,1000.0,311.0,875.0
253.029,13.6,3.2,27.7,42.0,4.0,45.0,52.0,604.0,54.4,31.9,10.2,11.6,0.4,1000.0,311.0,875.0
254.027,8.5,3.2,17.5,42.0,3.0,45.0,52.0,604.0,54.4,31.9,0.2,0.3,0.6,1003.0,311.0,875.0
255.039,7.9,3.2,21.5,42.0,1.0,45.0,52.0,604.0,54.4,31.9,0.1,0.1,0.2,1003.0,311.0,875.0
256.032,7.6,3.2,18.2,42.0,2.0,45.0,52.0,605.0,54.4,31.9,0.1,0.1,0.0,1003.0,311.0,875.0
257.033,10.8,3.2,26.2,42.0,8.0,45.0,51.0,605.0,54.3,31.9,0.1,0.1,0.1,1003.0,311.0,875.0
258.039,9.5,3.2,21.5,42.0,8.0,45.0,52.0,605.0,54.3,31.9,0.5,0.8,0.1,1001.0,311.0,877.0
259.053,9.1,2.8,20.6,42.0,6.0,45.0,52.0,605.0,54.4,31.9,0.3,0.5,0.0,1001.0,311.0,877.0
260.036,11.4,3.2,24.6,42.0,5.0,45.0,52.0,605.0,54.4,31.9,2.1,3.9,0.8,1001.0,311.0,877.0
261.042,7.6,3.2,15.6,42.0,7.0,45.0,52.0,604.0,54.4,31.9,0.2,0.2,0.1,1001.0,311.0,877.0
262.047,7.7,3.2,16.2,42.0,6.0,45.0,52.0,603.0,54.4,31.9,0.1,0.1,0.0,1003.0,310.0,876.0
263.042,7.0,1.2,21.7,42.0,7.0,45.0,52.0,605.0,54.4,31.9,0.0,0.0,0.0,1003.0,310.0,876.0
264.058,13.4,2.9,34.3,42.0,5.0,45.0,52.0,605.0,54.4,31.9,0.0,0.0,0.0,1003.0,310.0,876.0
265.031,9.8,2.9,21.9,42.0,5.0,45.0,52.0,605.0,54.4,31.9,0.3,0.5,0.1,1003.0,310.0,876.0
266.042,9.5,2.9,22.9,42.0,6.0,45.0,51.0,604.0,54.4,31.9,0.1,0.1,0.2,1003.0,310.0,876.0
267.047,7.7,2.1,16.7,42.0,4.0,45.0,52.0,603.0,54.3,31.9,0.0,0.0,2.8,1003.0,310.0,876.0
268.035,7.4,3.2,15.6,42.0,4.0,45.0,52.0,603.0,54.2,31.9,0.0,0.0,0.1,1003.0,310.0,876.0
269.039,14.1,1.2,28.1,41.5,10.0,45.0,52.0,604.0,54.2,31.9,4.5,8.5,1.5,1003.0,310.0,876.0
270.038,8.7,3.2,20.3,41.5,6.0,45.0,52.0,604.0,54.3,31.9,0.1,0.1,0.1,1001.0,310.0,873.0
271.045,6.8,2.5,16.2,41.5,8.0,45.0,52.0,604.0,54.2,31.9,0.1,0.1,0.3,1001.0,310.0,873.0
272.037,8.7,3.2,18.8,41.5,2.0,45.0,52.0,603.0,54.2,31.9,0.0,0.0,0.1,1001.0,310.0,873.0
273.034,7.5,1.2,18.8,41.8,5.0,45.0,52.0,605.0,54.2,31.9,0.0,0.1,0.0,1001.0,310.0,873.0
274.044,8.9,3.2,21.5,41.8,3.0,45.0,52.0,604.0,54.2,31.9,0.1,0.1,0.0,1001.0,311.0,874.0
275.038,8.5,3.2,18.5,41.8,3.0,45.0,51.0,603.0,54.2,31.9,0.2,0.3,0.0,1001.0,311.0,874.0
276.035,10.0,2.8,26.1,41.8,14.0,45.0,52.0,604.0,54.2,31.9,0.1,0.2,0.0,1001.0,311.0,874.0
277.049,11.4,2.6,27.7,42.0,3.0,45.0,52.0,605.0,54.2,31.9,0.1,0.0,0.2,1001.0,311.0,874.0
278.04,13.0,3.2,40.6,42.0,6.0,45.0,52.0,604.0,54.2,31.9,4.4,8.7,0.2,1002.0,311.0,875.0
279.026,9.7,2.3,17.5,42.0,8.0,45.0,52.0,604.0,54.3,31.9,0.0,0.0,0.0,1002.0,311.0,875.0
280.032,5.6,3.2,12.5,42.0,7.0,45.0,52.0,605.0,54.3,31.9,0.1,0.0,0.0,1002.0,311.0,875.0
281.042,7.5,3.2,18.6,42.0,1.0,45.0,52.0,604.0,54.2,31.9,0.0,0.0,0.0,1002.0,311.0,875.0
282.031,7.8,3.2,13.4,42.0,5.0,45.0,52.0,603.0,54.2,31.9,0.1,0.1,0.1,1002.0,311.0,875.0
283.043,12.0,3.2,26.5,42.0,4.0,45.0,52.0,602.0,54.2,31.9,0.1,0.2,0.1,1002.0,311.0,875.0
284.044,14.7,1.2,27.7,42.0,4.0,45.0,52.0,602.0,54.2,31.9,2.4,4.6,1.7,1002.0,311.0,875.0
285.051,10.4,3.2,21.5,42.3,10.0,45.0,52.0,600.0,54.2,31.9,0.0,0.0,0.3,1002.0,311.0,875.0
286.04,7.7,3.2,17.5,42.3,8.0,45.0,52.0,601.0,54.3,31.9,0.1,0.0,0.0,1001.0,311.0,876.0
287.039,7.0,3.2,16.9,42.3,3.0,45.0,52.0,600.0,54.2,31.9,0.1,0.1,0.2,1001.0,311.0,876.0
288.027,7.6,3.1,15.9,42.3,5.0,45.0,52.0,600.0,54.2,31.9,0.0,0.0,0.0,1001.0,311.0,876.0
289.049,13.5,1.2,25.8,42.0,7.0,45.0,52.0,599.0,54.3,31.9,0.2,0.2,0.2,1001.0,311.0,876.0
290.039,17.8,3.2,33.3,42.0,2.0,45.0,52.0,601.0,54.4,31.9,0.2,0.4,0.6,1000.0,311.0,875.0
291.043,12.1,3.2,27.9,42.0,10.0,45.0,52.0,600.0,54.3,31.9,0.3,0.3,0.4,1000.0,311.0,875.0
292.046,9.8,3.2,23.9,42.0,8.0,45.0,52.0,601.0,54.4,31.9,0.2,0.2,0.2,1000.0,311.0,875.0
293.037,12.1,3.2,30.0,42.0,5.0,45.0,52.0,601.0,54.4,31.9,0.8,0.8,0.0,1000.0,311.0,875.0
294.031,15.3,3.2,26.8,42.0,9.0,45.0,52.0,600.0,54.4,31.9,0.6,1.0,0.5,1002.0,311.0,872.0
295.051,12.6,3.2,31.4,42.0,1.0,45.0,52.0,601.0,54.4,31.9,4.1,7.9,0.1,1002.0,311.0,872.0
296.04,10.0,3.2,23.4,42.0,4.0,45.0,52.0,602.0,54.4,31.9,0.2,0.1,0.0,1002.0,311.0,872.0
297.031,7.8,3.2,13.6,42.0,2.0,45.0,52.0,601.0,54.4,31.9,0.1,0.1,0.2,1002.0,311.0,872.0
298.043,8.7,2.8,18.2,42.0,12.0,45.0,52.0,601.0,54.3,31.9,0.3,0.5,0.0,1001.0,311.0,878.0
299.04,8.3,2.8,15.6,42.0,5.0,45.0,52.0,601.0,54.3,31.9,0.2,0.4,0.5,1001.0,311.0,878.0
300.029,11.9,2.5,27.0,42.0,4.0,45.0,52.0,601.0,54.3,31.9,0.1,0.1,0.1,1001.0,311.0,878.0
301.045,10.0,3.2,18.8,42.5,5.0,44.0,52.0,602.0,54.4,31.9,2.2,4.2,0.2,1001.0,311.0,878.0
302.032,6.7,3.2,19.0,42.5,3.0,45.0,52.0,603.0,54.3,31.9,0.0,0.0,0.6,1002.0,311.0,874.0
303.026,4.8,2.8,9.4,42.5,5.0,45.0,52.0,602.0,54.4,31.9,0.0,0.0,0.0,1002.0,311.0,874.0
304.042,7.8,3.2,18.5,42.5,0.0,45.0,51.0,603.0,54.4,31.9,0.1,0.0,0.1,1002.0,311.0,874.0
305.029,10.2,3.2,23.5,41.5,3.0,45.0,52.0,603.0,54.3,31.9,0.4,0.3,0.2,1002.0,311.0,874.0
306.034,13.4,3.2,23.5,41.5,2.0,45.0,52.0,603.0,54.3,31.9,0.2,0.2,0.1,1001.0,311.0,874.0
307.025,11.3,2.8,25.4,41.5,3.0,45.0,52.0,603.0,54.3,31.9,0.0,0.0,0.1,1001.0,311.0,874.0
308.042,9.1,1.2,17.4,41.5,5.0,45.0,52.0,604.0,54.3,31.9,0.0,0.0,0.1,1001.0,311.0,874.0
309.038,9.6,3.1,18.8,42.0,8.0,45.0,52.0,603.0,54.3,31.9,0.2,0.4,0.0,1001.0,311.0,874.0
310.032,8.3,3.2,23.4,42.0,5.0,45.0,52.0,604.0,54.3,31.9,0.0,0.0,0.0,1003.0,311.0,875.0
311.037,15.8,3.2,29.2,42.0,3.0,45.0,52.0,604.0,54.3,31.9,2.2,4.1,0.1,1003.0,311.0,875.0
312.03,11.4,3.2,20.3,42.0,3.0,45.0,52.0,604.0,54.3,31.9,0.2,0.2,0.2,1003.0,311.0,875.0
313.03,5.3,3.2,17.6,42.0,6.0,44.0,52.0,604.0,54.3,31.9,0.1,0.1,0.0,1003.0,311.0,875.0
314.025,9.4,3.2,20.3,42.0,4.0,45.0,52.0,604.0,54.3,31.9,0.1,0.1,0.5,1001.0,311.0,876.0
315.035,7.1,2.9,15.4,42.0,2.0,45.0,52.0,603.0,54.3,31.9,0.1,0.1,0.0,1001.0,311.0,876.0
316.025,14.0,2.1,32.8,42.0,1.0,45.0,52.0,605.0,54.3,31.9,0.5,0.8,0.1,1001.0,311.0,876.0
317.024,8.5,3.2,17.2,42.0,3.0,45.0,52.0,604.0,54.3,31.9,2.1,4.1,0.0,1001.0,311.0,876.0
318.024,4.5,3.2,12.5,42.0,1.0,45.0,52.0,604.0,54.3,31.9,0.0,0.0,0.1,1003.0,311.0,877.0
319.028,6.9,3.2,14.1,42.0,2.0,45.0,52.0,604.0,54.3,31.9,0.1,0.0,0.0,1003.0,311.0,877.0
320.05,8.8,3.2,17.6,42.0,5.0,45.0,52.0,605.0,54.4,31.9,0.4,0.6,0.2,1003.0,311.0,877.0
321.041,11.8,3.2,21.5,41.8,3.0,45.0,52.0,606.0,54.3,31.9,0.1,0.1,0.7,1003.0,311.0,877.0
322.037,7.9,1.2,20.3,41.8,7.0,45.0,52.0,605.0,54.3,31.9,0.1,0.1,0.1,1001.0,311.0,877.0
323.032,11.8,3.2,20.3,41.8,6.0,45.0,52.0,605.0,54.3,31.9,0.2,0.3,0.0,1001.0,311.0,877.0
324.031,10.0,3.2,18.8,41.8,4.0,45.0,52.0,604.0,54.3,31.9,2.0,3.9,0.1,1001.0,311.0,877.0
325.049,8.5,3.2,23.1,42.0,11.0,45.0,52.0,604.0,54.3,31.9,0.0,0.0,0.0,1001.0,311.0,877.0
326.032,10.0,3.2,23.8,42.0,6.0,45.0,52.0,604.0,54.3,31.9,0.1,0.0,0.0,1001.0,311.0,876.0
327.026,8.5,3.2,18.5,42.0,7.0,45.0,52.0,605.0,54.3,31.9,0.1,0.1,0.1,1001.0,311.0,876.0
328.03,8.1,3.2,22.9,42.0,11.0,45.0,52.0,606.0,54.3,31.9,0.0,0.0,0.0,1001.0,311.0,876.0
329.052,8.1,1.9,15.2,41.8,9.0,45.0,52.0,605.0,54.3,31.9,0.1,0.1,1.0,1001.0,311.0,876.0
330.053,8.7,1.2,31.9,41.8,8.0,45.0,52.0,604.0,54.3,31.9,0.0,0.0,0.0,1000.0,310.0,877.0
331.028,8.4,1.9,18.8,41.8,10.0,45.0,52.0,604.0,54.3,31.9,0.0,0.0,0.0,1000.0,310.0,877.0
332.029,7.3,3.2,15.4,41.8,6.0,45.0,52.0,606.0,54.3,31.9,0.3,0.5,0.2,1000.0,310.0,877.0
333.032,10.0,2.5,27.4,41.8,6.0,45.0,52.0,605.0,54.3,31.9,0.1,0.0,0.0,1000.0,310.0,877.0
334.048,10.4,1.2,24.3,41.8,6.0,45.0,52.0,605.0,54.3,31.9,0.1,0.1,0.0,1001.0,311.0,874.0
335.024,10.2,2.8,26.5,41.8,5.0,45.0,52.0,604.0,54.3,31.9,0.0,0.0,0.0,1001.0,311.0,874.0
336.027,8.8,3.2,16.9,41.8,2.0,45.0,52.0,603.0,54.3,31.9,0.0,0.1,0.0,1001.0,311.0,874.0
337.05,8.0,3.2,20.3,41.5,7.0,45.0,52.0,603.0,54.3,31.9,0.0,0.0,0.1,1001.0,311.0,874.0
338.036,10.2,3.2,18.5,41.5,2.0,45.0,51.0,603.0,54.3,31.9,0.1,0.2,0.3,1002.0,311.0,875.0
339.033,18.8,1.3,41.3,41.5,3.0,45.0,52.0,603.0,54.3,31.9,0.2,0.3,28.2,1002.0,311.0,875.0
340.046,18.0,1.2,44.1,41.5,16.0,45.0,52.0,603.0,54.3,31.9,2.1,4.0,37.5,1002.0,311.0,875.0
341.031,13.1,1.2,48.5,42.3,10.0,45.0,52.0,604.0,54.4,31.9,0.2,0.3,47.2,1002.0,311.0,875.0
342.041,13.7,1.2,29.7,42.3,12.0,45.0,52.0,604.0,54.4,31.9,0.1,0.0,29.8,1000.0,310.0,877.0
343.033,12.5,3.1,39.1,42.3,10.0,45.0,52.0,605.0,54.4,31.9,4.4,8.8,9.8,1000.0,310.0,877.0
344.04,8.6,1.2,18.5,42.3,3.0,45.0,52.0,606.0,54.5,31.9,0.1,0.1,4.7,1000.0,310.0,877.0
345.05,7.0,1.2,25.7,42.0,2.0,45.0,51.0,605.0,54.5,31.9,0.0,0.0,0.3,1000.0,310.0,877.0
346.044,7.8,3.2,22.9,42.0,5.0,45.0,51.0,605.0,54.5,31.9,0.1,0.1,0.0,1003.0,310.0,875.0
347.039,9.2,2.3,27.4,42.0,8.0,45.0,52.0,604.0,54.5,31.9,0.1,0.1,0.0,1003.0,310.0,875.0
348.033,11.8,3.2,22.9,42.0,6.0,45.0,52.0,605.0,54.5,31.9,0.2,0.2,0.0,1003.0,310.0,875.0
349.029,4.5,3.2,10.9,41.8,11.0,45.0,52.0,605.0,54.5,31.9,0.1,0.1,0.0,1003.0,310.0,875.0
350.039,12.4,3.2,40.5,41.8,8.0,45.0,52.0,604.0,54.5,31.9,0.2,0.1,0.1,1001.0,311.0,874.0
351.033,6.2,3.2,17.2,41.8,11.0,45.0,52.0,603.0,54.5,31.9,0.0,0.0,0.0,1001.0,311.0,874.0
352.036,8.4,3.2,24.3,41.8,8.0,45.0,52.0,603.0,54.4,31.9,0.3,0.4,0.1,1001.0,311.0,874.0
353.026,17.9,3.2,36.2,42.5,5.0,45.0,52.0,604.0,54.5,31.9,0.2,0.4,0.0,1001.0,311.0,874.0
354.034,20.2,1.6,37.9,42.5,7.0,45.0,52.0,605.0,54.6,31.9,2.5,4.7,0.1,1002.0,311.0,875.0
355.028,7.5,3.2,16.4,42.5,6.0,45.0,52.0,605.0,54.6,31.9,0.1,0.1,0.1,1002.0,311.0,875.0
356.043,7.6,3.2,18.5,42.5,5.0,45.0,52.0,604.0,54.6,31.9,0.0,0.0,0.2,1002.0,311.0,875.0
357.035,8.8,3.1,18.5,42.3,5.0,45.0,52.0,603.0,54.5,31.9,0.1,0.0,0.0,1002.0,311.0,875.0
358.064,6.4,3.2,16.2,42.3,5.0,45.0,52.0,604.0,54.5,31.9,0.1,0.1,0.4,1000.0,311.0,878.0
359.037,8.5,3.2,22.1,42.3,6.0,45.0,52.0,604.0,54.5,31.9,0.0,0.0,0.5,1000.0,311.0,878.0
360.048,7.1,3.2,16.7,42.3,8.0,45.0,52.0,605.0,54.5,31.9,0.0,0.0,0.1,1000.0,311.0,878.0
361.046,7.5,3.2,15.6,42.0,7.0,44.0,52.0,605.0,54.5,31.9,0.0,0.1,0.0,1000.0,311.0,878.0
362.038,7.9,3.2,25.7,42.0,3.0,45.0,51.0,604.0,54.5,31.9,0.0,0.1,0.1,1001.0,311.0,876.0
363.044,6.0,3.2,23.2,42.0,12.0,45.0,52.0,603.0,54.5,31.9,0.0,0.0,0.2,1001.0,311.0,876.0
364.027,9.6,3.2,22.2,42.0,4.0,45.0,52.0,603.0,54.5,31.9,0.1,0.1,0.0,1001.0,311.0,876.0
365.03,11.8,3.2,29.0,41.5,3.0,45.0,52.0,603.0,54.5,31.9,0.2,0.2,0.1,1001.0,311.0,876.0
366.05,16.6,3.2,35.7,41.5,6.0,45.0,52.0,602.0,54.5,31.9,0.2,0.2,0.3,1001.0,311.0,875.0
367.034,18.1,3.2,35.3,41.5,2.0,45.0,52.0,600.0,54.5,31.9,6.7,13.1,0.9,1001.0,311.0,875.0
368.047,9.8,3.2,30.9,41.5,5.0,45.0,52.0,601.0,54.6,31.9,0.4,0.7,0.1,1001.0,311.0,875.0
369.055,7.6,3.2,17.6,42.3,6.0,45.0,52.0,600.0,54.5,31.9,0.3,0.5,4.2,1001.0,311.0,875.0
370.043,10.2,3.2,26.8,42.3,5.0,45.0,52.0,599.0,54.6,31.9,0.2,0.2,0.0,1001.0,310.0,875.0
371.042,13.8,1.3,26.9,42.3,11.0,45.0,52.0,599.0,54.5,31.9,0.2,0.0,0.0,1001.0,310.0,875.0
372.023,15.3,3.2,28.8,42.3,3.0,45.0,52.0,599.0,54.6,31.9,4.4,8.7,1.1,1001.0,310.0,875.0
373.03,7.3,3.1,17.6,42.0,2.0,45.0,52.0,599.0,54.6,31.9,0.2,0.2,0.1,1001.0,310.0,875.0
374.042,8.2,3.2,20.0,42.0,2.0,45.0,52.0,600.0,54.6,31.9,0.2,0.1,0.7,1000.0,311.0,877.0
375.037,10.0,3.2,29.7,42.0,5.0,45.0,52.0,601.0,54.6,31.9,0.1,0.1,0.4,1000.0,311.0,877.0
376.025,9.9,3.1,25.0,42.0,7.0,45.0,52.0,602.0,54.6,31.9,0.0,0.0,0.0,1000.0,311.0,877.0
377.025,8.9,3.2,23.2,42.0,4.0,45.0,52.0,601.0,54.6,31.9,0.0,0.0,0.0,1000.0,311.0,877.0
378.05,14.5,2.8,28.8,42.0,6.0,45.0,52.0,601.0,54.6,31.9,0.2,0.2,0.3,1002.0,311.0,872.0
379.027,12.3,2.8,28.4,42.0,14.0,45.0,52.0,600.0,54.6,31.9,2.1,4.1,0.1,1002.0,311.0,872.0
380.031,6.6,3.2,24.6,42.0,3.0,45.0,52.0,600.0,54.6,31.9,0.1,0.0,0.0,1002.0,311.0,872.0
381.026,8.5,3.2,30.6,41.8,3.0,45.0,52.0,600.0,54.6,31.9,0.3,0.6,0.0,1002.0,311.0,872.0
382.04,7.6,3.2,24.3,41.8,7.0,45.0,52.0,600.0,54.6,31.9,0.0,0.0,0.0,1001.0,311.0,875.0
383.039,6.3,1.2,15.6,41.8,3.0,45.0,52.0,601.0,54.6,31.9,0.2,0.4,0.0,1001.0,311.0,875.0
384.025,10.0,3.2,23.5,41.8,6.0,45.0,52.0,600.0,54.6,31.9,0.0,0.0,0.2,1001.0,311.0,875.0
385.027,8.2,3.2,27.5,41.5,13.0,45.0,52.0,602.0,54.5,31.9,0.2,0.4,0.0,1001.0,311.0,875.0
386.03,7.7,3.1,20.0,41.5,14.0,45.0,52.0,602.0,54.5,31.9,0.1,0.2,0.0,1000.0,311.0,875.0
387.027,12.6,3.2,34.3,41.5,5.0,45.0,52.0,603.0,54.5,31.9,2.2,4.1,0.1,1000.0,311.0,875.0
388.029,8.9,3.2,26.8,41.5,6.0,45.0,52.0,603.0,54.6,31.9,0.1,0.1,0.2,1000.0,311.0,875.0
389.023,7.8,3.2,18.8,42.0,5.0,45.0,52.0,603.0,54.5,31.9,0.1,0.0,1.1,1000.0,311.0,875.0
390.028,9.1,3.1,20.0,42.0,1.0,45.0,52.0,604.0,54.6,31.9,0.1,0.1,0.0,1003.0,311.0,874.0
391.036,10.3,3.2,24.3,42.0,5.0,45.0,52.0,604.0,54.5,31.9,0.0,0.0,0.3,1003.0,311.0,874.0
392.031,8.3,3.2,22.9,42.0,8.0,45.0,52.0,604.0,54.5,31.9,0.1,0.1,0.1,1003.0,311.0,874.0
393.047,9.4,1.2,23.6,41.8,3.0,45.0,52.0,604.0,54.6,31.9,0.0,0.1,0.1,1003.0,311.0,874.0
394.035,9.5,3.2,30.0,41.8,3.0,45.0,52.0,603.0,54.6,31.9,0.0,0.0,0.0,1000.0,311.0,875.0
395.039,7.4,3.2,17.2,41.8,3.0,45.0,52.0,603.0,54.6,31.9,0.2,0.2,0.0,1000.0,311.0,875.0
396.027,10.0,3.2,22.2,41.8,2.0,45.0,52.0,603.0,54.6,31.9,0.1,0.1,0.0,1000.0,311.0,875.0
397.048,9.0,3.2,20.9,41.5,5.0,45.0,52.0,604.0,54.6,31.9,0.0,0.0,0.1,1000.0,311.0,875.0
398.025,8.6,3.2,18.2,41.5,4.0,45.0,52.0,605.0,54.6,31.9,0.3,0.2,0.0,1003.0,311.0,876.0
399.037,9.6,3.2,30.6,41.5,3.0,45.0,52.0,603.0,54.6,31.9,0.3,0.3,0.1,1003.0,311.0,876.0
400.041,11.9,2.1,26.6,41.5,20.0,45.0,52.0,603.0,54.6,31.9,2.2,4.1,0.0,1003.0,311.0,876.0
401.023,9.5,3.2,28.1,41.8,11.0,45.0,52.0,604.0,54.6,31.9,0.4,0.7,0.1,1003.0,311.0,876.0
402.036,8.7,3.2,20.0,41.8,4.0,45.0,52.0,604.0,54.6,31.9,0.0,0.0,0.2,1000.0,311.0,876.0
403.04,7.0,3.2,20.9,41.8,3.0,45.0,51.0,605.0,54.6,31.9,0.1,0.0,0.1,1000.0,311.0,876.0
404.044,7.7,3.2,21.9,41.8,3.0,45.0,51.0,605.0,54.6,31.9,0.1,0.1,0.6,1000.0,311.0,876.0
405.025,10.2,3.2,24.6,42.0,2.0,45.0,51.0,605.0,54.6,31.9,0.1,0.1,0.2,1000.0,311.0,876.0
406.042,8.2,3.2,21.5,42.0,4.0,45.0,51.0,604.0,54.5,31.9,0.0,0.0,0.0,1002.0,310.0,876.0
407.028,7.9,3.2,18.5,42.0,1.0,45.0,51.0,605.0,54.6,31.9,0.0,0.1,0.6,1002.0,310.0,876.0
408.033,7.9,3.2,19.1,42.0,4.0,44.0,51.0,605.0,54.6,31.9,0.1,0.1,0.3,1002.0,310.0,876.0
409.039,9.2,2.8,25.7,41.8,1.0,44.0,51.0,604.0,54.5,31.9,0.1,0.1,0.1,1002.0,310.0,876.0
410.03,7.9,3.2,22.7,41.8,9.0,44.0,52.0,604.0,54.5,31.9,0.1,0.1,0.0,1002.0,310.0,878.0
411.031,11.0,3.2,29.0,41.8,4.0,45.0,51.0,605.0,54.6,31.9,0.0,0.0,0.0,1002.0,310.0,878.0
412.025,11.8,3.2,35.7,41.8,1.0,45.0,51.0,605.0,54.5,31.9,4.7,9.1,1.1,1002.0,310.0,878.0
413.037,13.2,1.2,35.6,42.0,3.0,45.0,51.0,605.0,54.6,31.9,0.0,0.0,0.2,1002.0,310.0,878.0
414.037,8.4,3.2,23.2,42.0,2.0,45.0,51.0,604.0,54.6,31.9,0.1,0.1,0.1,1001.0,311.0,875.0
415.042,7.4,3.2,26.6,42.0,5.0,45.0,51.0,604.0,54.6,31.9,0.0,0.0,0.0,1001.0,311.0,875.0
416.034,12.0,3.2,26.9,42.0,7.0,45.0,52.0,604.0,54.6,31.9,2.7,4.9,0.1,1001.0,311.0,875.0
417.024,22.3,3.2,46.3,42.3,8.0,45.0,52.0,603.0,54.6,31.9,0.1,0.0,0.1,1001.0,311.0,875.0
418.031,10.3,3.2,22.4,42.3,3.0,45.0,51.0,603.0,54.7,31.9,0.3,0.4,0.3,1002.0,312.0,875.0
419.035,12.3,3.2,27.3,42.3,8.0,45.0,51.0,603.0,54.7,31.9,4.3,8.6,1.2,1002.0,312.0,875.0
420.025,6.9,3.2,20.6,42.3,10.0,45.0,51.0,604.0,54.7,31.9,0.0,0.0,0.0,1002.0,312.0,875.0
421.045,9.2,3.2,29.2,42.5,7.0,45.0,51.0,604.0,54.7,31.9,0.0,0.0,0.0,1002.0,312.0,875.0
422.03,6.8,3.2,25.0,42.5,3.0,45.0,51.0,604.0,54.7,31.9,0.1,0.1,0.0,1012.0,319.0,882.0
423.039,4.9,3.2,20.3,42.5,6.0,44.0,51.0,605.0,54.7,31.9,0.1,0.1,0.0,1012.0,319.0,882.0
424.032,6.8,3.2,21.9,42.5,4.0,45.0,51.0,606.0,54.7,31.9,0.0,0.0,0.1,1012.0,319.0,882.0
425.052,10.8,2.2,28.8,41.8,6.0,45.0,51.0,606.0,54.7,31.9,0.0,0.0,0.1,1012.0,319.0,882.0
426.035,7.1,2.8,28.6,41.8,7.0,45.0,52.0,605.0,54.7,31.9,0.1,0.1,0.0,1001.0,311.0,879.0
427.054,7.4,3.2,18.8,41.8,7.0,45.0,52.0,604.0,54.7,31.9,0.4,0.7,0.1,1001.0,311.0,879.0
428.025,9.3,3.2,21.0,41.8,6.0,45.0,52.0,604.0,54.7,31.9,0.1,0.1,0.2,1001.0,311.0,879.0
429.031,8.5,2.6,20.0,41.8,14.0,45.0,52.0,605.0,54.7,31.9,0.0,0.0,0.0,1001.0,311.0,879.0
430.029,10.6,3.2,23.5,41.8,9.0,45.0,52.0,605.0,54.7,31.9,0.0,0.0,0.0,1002.0,311.0,877.0
431.04,9.8,3.2,18.5,41.8,4.0,45.0,51.0,604.0,54.7,31.9,1.8,3.4,0.9,1002.0,311.0,877.0
432.03,11.3,3.2,27.0,41.8,4.0,45.0,51.0,603.0,54.6,31.9,2.8,5.5,0.4,1002.0,311.0,877.0
433.03,5.8,3.2,13.8,41.3,5.0,45.0,51.0,603.0,54.6,31.9,0.1,0.1,0.8,1002.0,311.0,877.0
434.04,8.1,3.2,23.1,41.3,4.0,45.0,52.0,602.0,54.6,31.9,6.1,3.2,0.7,1001.0,311.0,875.0
435.029,7.6,3.2,19.1,41.3,2.0,44.0,52.0,603.0,54.6,31.9,0.2,0.1,0.0,1001.0,311.0,875.0
436.052,8.0,2.3,16.9,41.3,4.0,45.0,52.0,603.0,54.6,31.9,0.1,0.1,0.0,1001.0,311.0,875.0
437.04,11.3,3.2,27.3,41.3,6.0,44.0,51.0,602.0,54.6,31.9,0.3,0.4,0.3,1001.0,311.0,875.0
438.042,10.2,2.2,21.9,41.3,7.0,45.0,52.0,602.0,54.6,31.9,4.3,8.6,0.1,1001.0,311.0,874.0
439.039,9.6,3.2,21.9,41.3,7.0,45.0,52.0,602.0,54.6,31.9,0.1,0.0,0.0,1001.0,311.0,874.0
440.03,7.2,2.3,16.9,41.3,3.0,44.0,52.0,602.0,54.6,31.9,0.1,0.1,0.0,1001.0,311.0,874.0
441.027,13.1,2.2,36.9,42.0,5.0,44.0,52.0,603.0,54.6,31.9,0.1,0.1,0.1,1001.0,311.0,874.0
442.034,17.1,2.5,31.7,42.0,12.0,45.0,52.0,603.0,54.6,31.9,0.4,0.6,0.0,1001.0,311.0,874.0
443.032,16.8,1.6,35.7,42.0,13.0,45.0,52.0,604.0,54.6,31.9,1.7,3.4,0.9,1001.0,311.0,874.0
444.034,9.3,2.8,18.5,42.0,4.0,45.0,52.0,603.0,54.6,31.9,2.9,5.5,0.0,1001.0,311.0,874.0
445.037,8.6,3.2,18.5,42.0,2.0,44.0,52.0,604.0,54.6,31.9,0.1,0.1,0.0,1001.0,311.0,874.0
446.045,8.2,3.2,25.7,42.0,9.0,45.0,52.0,604.0,54.5,31.9,0.5,0.9,0.1,1009.0,317.0,883.0
447.031,9.1,3.2,21.7,42.0,6.0,45.0,52.0,604.0,54.5,31.9,0.0,0.0,0.0,1009.0,317.0,883.0
448.034,7.4,2.8,17.2,42.0,2.0,45.0,51.0,604.0,54.5,31.9,0.1,0.1,0.1,1009.0,317.0,883.0
449.041,8.5,3.2,21.9,41.3,5.0,45.0,52.0,603.0,54.6,31.9,0.0,0.0,0.6,1009.0,317.0,883.0
450.046,6.2,3.2,16.9,41.3,9.0,45.0,52.0,602.0,54.5,31.9,0.0,0.0,0.1,1001.0,311.0,876.0
451.034,7.8,3.2,20.6,41.3,7.0,45.0,52.0,601.0,54.5,31.9,2.2,4.4,0.1,1001.0,311.0,876.0
452.035,11.3,2.8,19.7,41.3,18.0,45.0,52.0,602.0,54.5,31.9,0.1,0.1,0.0,1001.0,311.0,876.0
453.054,8.6,1.2,19.4,41.3,6.0,44.0,52.0,601.0,54.6,31.9,0.1,0.0,0.1,1001.0,311.0,876.0
454.029,9.5,3.2,20.3,41.3,6.0,45.0,52.0,601.0,54.5,31.9,0.0,0.0,0.0,1000.0,311.0,875.0
455.036,7.4,3.2,20.3,41.3,6.0,44.0,52.0,600.0,54.5,31.9,0.1,0.0,0.3,1000.0,311.0,875.0
456.026,6.7,3.2,14.3,41.3,3.0,45.0,52.0,600.0,54.6,31.9,0.0,0.0,0.0,1000.0,311.0,875.0
457.034,7.1,3.2,20.0,41.8,4.0,45.0,52.0,600.0,54.5,31.9,0.0,0.0,0.0,1000.0,311.0,875.0
458.036,6.6,1.2,20.0,41.8,7.0,44.0,52.0,598.0,54.6,31.9,0.0,0.0,0.1,1001.0,312.0,873.0
459.03,7.0,3.2,17.6,41.8,2.0,45.0,52.0,599.0,54.6,31.9,0.0,0.0,0.0,1001.0,312.0,873.0
460.027,10.4,1.2,21.9,41.8,6.0,45.0,52.0,599.0,54.5,31.9,0.0,0.0,0.0,1001.0,312.0,873.0
461.026,10.6,3.2,23.8,41.5,11.0,44.0,52.0,601.0,54.5,31.9,0.4,0.8,0.8,1001.0,312.0,873.0
462.024,12.5,3.2,31.9,41.5,6.0,45.0,52.0,601.0,54.5,31.9,1.9,3.5,0.4,1001.0,311.0,875.0
463.042,9.9,3.2,24.6,41.5,7.0,45.0,52.0,600.0,54.5,31.9,0.2,0.1,0.9,1001.0,311.0,875.0
464.032,7.1,3.2,16.4,41.5,3.0,44.0,52.0,600.0,54.6,31.9,0.0,0.0,0.5,1001.0,311.0,875.0
465.042,7.6,3.1,19.0,41.8,4.0,45.0,52.0,600.0,54.6,31.9,0.1,0.1,0.2,1001.0,311.0,875.0
466.031,6.8,3.1,20.3,41.8,5.0,45.0,51.0,600.0,54.6,31.9,0.4,0.6,0.4,1002.0,311.0,875.0
467.047,7.4,3.2,18.5,41.8,4.0,45.0,52.0,600.0,54.5,31.9,0.0,0.0,0.0,1002.0,311.0,875.0
468.037,8.8,3.2,21.2,41.8,4.0,44.0,52.0,600.0,54.6,31.9,0.0,0.0,0.0,1002.0,311.0,875.0
469.029,6.2,3.2,20.6,41.0,14.0,44.0,52.0,601.0,54.5,31.9,0.0,0.0,0.0,1002.0,311.0,875.0
470.041,15.8,3.2,27.7,41.0,9.0,45.0,52.0,602.0,54.6,31.9,0.2,0.2,1.0,1001.0,311.0,875.0
471.029,8.6,3.2,17.2,41.0,7.0,44.0,52.0,603.0,54.6,31.9,0.1,0.1,0.0,1001.0,311.0,875.0
472.034,6.1,3.2,16.2,41.0,7.0,45.0,52.0,602.0,54.6,31.9,0.0,0.0,0.2,1001.0,311.0,875.0
473.03,9.0,3.1,20.3,42.0,7.0,44.0,52.0,602.0,54.6,31.9,0.1,0.2,0.2,1001.0,311.0,875.0
474.047,11.7,2.2,25.4,42.0,1.0,44.0,51.0,602.0,54.6,31.9,0.2,0.2,0.1,1000.0,311.0,876.0
475.025,8.5,2.8,19.7,42.0,7.0,44.0,52.0,602.0,54.6,31.9,0.1,0.0,0.0,1000.0,311.0,876.0
476.038,12.7,3.2,28.2,42.0,5.0,45.0,52.0,602.0,54.6,31.9,2.4,4.6,0.6,1000.0,311.0,876.0
477.032,4.1,3.2,10.9,42.0,5.0,45.0,52.0,603.0,54.6,31.9,0.1,0.1,0.0,1000.0,311.0,876.0
478.042,6.7,3.2,18.8,42.0,8.0,44.0,52.0,603.0,54.6,31.9,0.0,0.0,0.1,1002.0,311.0,875.0
479.045,7.6,2.8,17.2,42.0,3.0,45.0,52.0,603.0,54.6,31.9,0.0,0.0,0.5,1002.0,311.0,875.0
480.027,5.2,3.2,15.6,42.0,2.0,45.0,52.0,603.0,54.6,31.9,0.0,0.0,0.1,1002.0,311.0,875.0
481.036,6.8,1.9,17.2,41.0,0.0,44.0,51.0,604.0,54.6,31.9,0.3,0.5,0.1,1002.0,311.0,875.0
482.029,9.2,2.6,21.5,41.0,12.0,45.0,52.0,604.0,54.6,31.9,0.0,0.0,0.1,1001.0,311.0,877.0
483.023,6.6,3.2,16.4,41.0,6.0,45.0,52.0,605.0,54.6,31.9,0.0,0.0,0.2,1001.0,311.0,877.0
484.026,5.3,3.2,12.5,41.0,4.0,44.0,52.0,604.0,54.6,31.9,0.0,0.0,0.0,1001.0,311.0,877.0
485.037,7.5,3.2,17.2,41.5,10.0,44.0,52.0,604.0,54.6,31.9,0.2,0.2,0.0,1001.0,311.0,877.0
486.023,5.5,3.2,14.1,41.5,6.0,44.0,52.0,604.0,54.6,31.9,0.0,0.1,0.0,1000.0,310.0,875.0
487.044,12.0,3.2,25.0,41.5,11.0,44.0,52.0,604.0,54.6,31.9,0.1,0.2,0.2,1000.0,310.0,875.0
488.037,19.0,1.3,35.6,41.5,10.0,44.0,52.0,604.0,54.6,31.9,4.9,9.7,0.1,1000.0,310.0,875.0
489.03,10.1,3.2,21.5,41.8,4.0,44.0,52.0,604.0,54.7,31.9,0.0,0.0,0.0,1000.0,310.0,875.0
490.024,7.1,1.2,25.7,41.8,5.0,45.0,52.0,605.0,54.6,31.9,0.1,0.0,0.0,1001.0,311.0,874.0
491.025,9.9,3.2,23.4,41.8,4.0,44.0,52.0,604.0,54.6,31.9,0.1,0.1,0.0,1001.0,311.0,874.0
492.033,7.2,3.2,21.5,41.8,5.0,44.0,52.0,605.0,54.7,31.9,0.0,0.0,0.0,1001.0,311.0,874.0
493.043,18.2,2.1,31.9,41.8,3.0,45.0,52.0,604.0,54.7,31.9,3.1,6.1,0.7,1001.0,311.0,874.0
494.044,11.0,3.1,28.6,41.8,7.0,44.0,52.0,604.0,54.6,31.9,3.6,7.1,0.6,1001.0,311.0,876.0
495.046,7.2,2.1,19.1,41.8,2.0,45.0,52.0,605.0,54.7,31.9,0.1,0.1,0.0,1001.0,311.0,876.0
496.04,8.3,3.2,24.3,41.8,13.0,45.0,52.0,605.0,54.7,31.9,0.1,0.1,0.0,1001.0,311.0,876.0
497.041,5.9,1.6,22.9,41.3,6.0,44.0,52.0,605.0,54.7,31.9,0.1,0.0,0.0,1001.0,311.0,876.0
498.056,9.7,1.2,21.2,41.3,1.0,44.0,52.0,605.0,54.6,31.9,0.1,0.1,0.0,1003.0,311.0,875.0
499.047,8.0,1.2,18.8,41.3,7.0,45.0,52.0,604.0,54.7,31.9,0.1,0.1,0.1,1003.0,311.0,875.0
500.039,7.4,3.2,21.4,41.3,10.0,44.0,52.0,604.0,54.7,31.9,0.0,0.0,0.0,1003.0,311.0,875.0
501.041,9.5,1.2,23.5,41.3,2.0,44.0,52.0,604.0,54.7,31.9,0.2,0.2,0.0,1003.0,311.0,875.0
502.041,5.8,3.2,10.9,41.3,7.0,44.0,51.0,604.0,54.6,31.9,0.4,0.6,0.0,1002.0,311.0,874.0
503.026,7.4,1.2,19.0,41.3,3.0,44.0,51.0,605.0,54.7,31.9,0.2,0.1,0.0,1002.0,311.0,874.0
504.057,9.3,3.2,24.3,41.3,2.0,44.0,51.0,604.0,54.7,31.9,0.0,0.0,0.3,1002.0,311.0,874.0
505.041,10.9,3.2,18.8,41.0,2.0,44.0,51.0,605.0,54.6,31.9,0.1,0.1,0.1,1002.0,311.0,874.0
506.041,7.4,3.2,18.8,41.0,7.0,44.0,51.0,606.0,54.6,31.9,0.1,0.1,0.6,996.0,301.0,872.0
507.062,6.8,3.2,14.1,41.0,0.0,44.0,51.0,606.0,54.6,31.9,0.0,0.0,0.1,996.0,301.0,872.0
508.043,8.3,2.8,25.4,41.0,5.0,45.0,51.0,605.0,54.6,31.9,0.2,0.3,0.3,996.0,301.0,872.0
509.042,6.9,3.1,22.9,41.0,4.0,44.0,51.0,606.0,54.6,31.9,0.1,0.1,1.0,996.0,301.0,872.0
510.04,5.9,3.2,18.6,41.0,3.0,44.0,51.0,605.0,54.6,31.9,0.0,0.0,0.1,979.0,283.0,864.0
511.051,6.1,3.2,18.5,41.0,4.0,44.0,51.0,605.0,54.6,31.9,0.0,0.0,0.0,979.0,283.0,864.0
512.033,5.9,3.2,12.1,41.0,6.0,44.0,51.0,605.0,54.6,31.9,0.0,0.1,0.3,979.0,283.0,864.0
513.03,8.8,3.2,18.8,41.0,12.0,44.0,52.0,604.0,54.7,31.9,0.1,0.1,0.1,979.0,283.0,864.0
514.036,10.7,2.9,26.6,41.0,2.0,44.0,51.0,605.0,54.7,31.9,0.0,0.0,0.1,979.0,283.0,862.0
515.038,8.4,2.9,20.0,41.0,7.0,44.0,51.0,605.0,54.6,31.9,0.1,0.1,0.0,979.0,283.0,862.0
516.042,6.0,3.2,18.5,41.0,2.0,44.0,51.0,605.0,54.6,31.9,0.1,0.1,0.0,979.0,283.0,862.0
517.026,5.2,3.2,13.6,41.0,2.0,45.0,52.0,606.0,54.6,31.9,0.2,0.3,0.2,979.0,283.0,862.0
518.026,7.1,1.2,26.1,41.0,3.0,44.0,51.0,606.0,54.7,31.9,0.1,0.1,0.0,980.0,282.0,862.0
519.038,14.9,3.2,28.2,41.0,7.0,45.0,52.0,605.0,54.6,31.9,2.7,4.9,0.0,980.0,282.0,862.0
520.026,6.8,3.2,20.6,41.0,5.0,45.0,52.0,605.0,54.6,31.9,0.1,0.1,0.0,980.0,282.0,862.0
521.03,10.4,2.5,25.4,41.8,5.0,44.0,52.0,605.0,54.6,31.9,0.1,0.1,0.0,980.0,282.0,862.0
522.029,6.5,3.2,20.0,41.8,12.0,44.0,52.0,605.0,54.6,31.9,0.1,0.1,0.7,980.0,283.0,864.0
523.031,5.3,3.2,13.4,41.8,6.0,44.0,52.0,605.0,54.6,31.9,0.2,0.3,0.1,980.0,283.0,864.0
524.029,8.1,3.2,23.9,41.8,7.0,45.0,52.0,605.0,54.6,31.9,0.0,0.0,0.5,980.0,283.0,864.0
525.031,7.4,3.2,18.5,41.3,5.0,44.0,51.0,605.0,54.6,31.9,0.1,0.1,0.3,980.0,283.0,864.0
526.035,8.2,2.5,17.4,41.3,3.0,44.0,51.0,605.0,54.6,31.9,0.1,0.0,0.0,979.0,283.0,864.0
527.025,8.1,3.2,19.4,41.3,6.0,44.0,51.0,605.0,54.6,31.9,0.3,0.3,0.0,979.0,283.0,864.0
528.032,10.9,2.8,25.4,41.3,6.0,45.0,51.0,606.0,54.6,31.9,0.1,0.1,0.2,979.0,283.0,864.0
529.025,14.4,3.2,24.6,41.3,5.0,45.0,51.0,605.0,54.6,31.9,0.2,0.0,0.9,979.0,283.0,864.0
530.061,10.8,3.2,30.1,41.3,8.0,45.0,51.0,603.0,54.6,31.9,0.0,0.1,0.1,978.0,283.0,860.0
531.033,15.3,3.2,25.4,41.3,6.0,45.0,51.0,602.0,54.7,31.9,0.4,0.0,0.5,978.0,283.0,860.0
532.024,24.6,3.2,54.7,41.3,8.0,45.0,52.0,601.0,54.7,31.9,0.1,0.1,0.1,978.0,283.0,860.0
533.038,11.9,1.2,22.7,42.0,8.0,44.0,51.0,601.0,54.8,31.9,0.4,0.2,0.3,978.0,283.0,860.0
534.041,26.7,3.2,37.7,42.0,37.0,44.0,52.0,601.0,54.8,31.9,1.1,0.7,0.4,986.0,288.0,866.0
535.037,20.2,3.2,58.5,42.0,11.0,45.0,52.0,601.0,54.8,31.9,0.1,0.1,0.7,986.0,288.0,866.0
536.032,11.6,3.2,22.9,42.0,8.0,45.0,51.0,600.0,54.7,31.9,0.1,0.1,0.2,986.0,288.0,866.0
537.049,5.7,3.2,13.2,42.0,5.0,44.0,51.0,600.0,54.8,31.9,0.1,0.1,0.2,986.0,288.0,866.0
538.047,7.2,3.2,18.8,42.0,5.0,44.0,51.0,600.0,54.7,31.9,0.1,0.1,0.1,1002.0,309.0,872.0
539.028,8.7,3.2,25.7,42.0,13.0,44.0,51.0,600.0,54.7,31.9,0.1,0.1,1.8,1002.0,309.0,872.0
540.039,11.4,3.2,27.7,42.0,4.0,44.0,51.0,600.0,54.7,31.9,4.6,9.2,0.3,1002.0,309.0,872.0
541.039,13.1,1.9,22.9,41.3,7.0,44.0,51.0,600.0,54.6,31.9,0.1,0.1,0.1,1002.0,309.0,872.0
542.041,6.3,2.3,15.6,41.3,8.0,44.0,52.0,600.0,54.7,31.9,0.1,0.0,0.1,1002.0,310.0,874.0
543.038,8.5,2.6,17.5,41.3,6.0,44.0,52.0,602.0,54.6,31.9,0.0,0.0,0.0,1002.0,310.0,874.0
544.043,9.5,1.2,18.8,41.3,7.0,45.0,51.0,602.0,54.6,31.9,0.2,0.2,0.0,1002.0,310.0,874.0
545.031,6.9,3.2,24.3,40.8,7.0,44.0,51.0,601.0,54.6,31.9,0.0,0.0,0.0,1002.0,310.0,874.0
546.042,9.0,2.5,27.0,40.8,5.0,44.0,51.0,600.0,54.6,31.9,0.0,0.0,0.1,988.0,297.0,870.0
547.032,8.5,2.5,28.8,40.8,4.0,45.0,51.0,601.0,54.6,31.9,0.0,0.0,0.0,988.0,297.0,870.0
548.04,8.3,1.2,20.6,40.8,8.0,45.0,51.0,601.0,54.6,31.9,0.0,0.0,0.2,988.0,297.0,870.0
549.032,7.4,3.2,21.9,41.0,5.0,44.0,51.0,601.0,54.6,31.9,0.2,0.1,0.1,988.0,297.0,870.0
550.048,4.6,3.2,13.4,41.0,3.0,44.0,51.0,601.0,54.6,31.9,0.0,0.0,0.0,979.0,283.0,864.0
551.033,9.5,3.2,24.6,41.0,12.0,44.0,51.0,602.0,54.7,31.9,0.0,0.0,0.0,979.0,283.0,864.0
552.051,9.3,3.1,22.1,41.0,6.0,45.0,51.0,602.0,54.7,31.9,0.1,0.1,0.1,979.0,283.0,864.0
553.048,16.3,1.2,34.4,41.3,1.0,44.0,51.0,602.0,54.7,31.9,4.8,9.2,0.3,979.0,283.0,864.0
554.027,13.3,1.2,30.2,41.3,7.0,44.0,51.0,603.0,54.6,31.9,0.0,0.0,0.6,980.0,282.0,864.0
555.031,9.5,2.9,24.6,41.3,7.0,45.0,52.0,603.0,54.7,31.9,0.4,0.6,0.8,980.0,282.0,864.0
556.026,7.0,3.2,20.3,41.3,5.0,44.0,51.0,604.0,54.7,31.9,0.0,0.0,0.1,980.0,282.0,864.0
557.041,5.4,3.2,20.3,41.3,4.0,44.0,52.0,604.0,54.7,31.9,0.0,0.0,0.0,980.0,282.0,864.0
558.038,7.3,3.2,19.4,41.3,3.0,44.0,51.0,604.0,54.7,31.9,0.0,0.0,0.1,980.0,283.0,863.0
559.032,4.5,3.2,15.6,41.3,12.0,45.0,51.0,604.0,54.7,31.9,0.0,0.0,0.1,980.0,283.0,863.0
560.031,5.8,3.2,17.6,41.3,3.0,45.0,51.0,603.0,54.7,31.9,0.0,0.0,0.0,980.0,283.0,863.0
561.036,8.9,2.6,21.5,41.0,3.0,44.0,51.0,604.0,54.7,31.9,0.0,0.0,0.1,980.0,283.0,863.0
562.029,6.8,3.2,12.7,41.0,11.0,44.0,51.0,604.0,54.6,31.9,0.0,0.0,0.0,979.0,283.0,861.0
563.038,7.0,1.2,16.9,41.0,2.0,45.0,51.0,604.0,54.7,31.9,0.0,0.0,0.1,979.0,283.0,861.0
564.031,7.9,3.2,17.6,41.0,3.0,44.0,51.0,605.0,54.7,31.9,0.0,0.0,0.0,979.0,283.0,861.0
565.045,10.6,3.1,28.0,41.0,5.0,44.0,51.0,605.0,54.7,31.9,0.0,0.0,0.1,979.0,283.0,861.0
566.034,7.1,3.1,20.6,41.0,4.0,45.0,51.0,606.0,54.7,31.9,0.0,0.0,0.0,979.0,283.0,861.0
567.033,6.7,2.5,19.0,41.0,3.0,44.0,51.0,606.0,54.7,31.9,0.0,0.0,0.0,979.0,283.0,861.0
568.027,6.6,3.2,20.0,41.0,5.0,45.0,51.0,605.0,54.6,31.9,0.1,0.0,0.1,979.0,283.0,861.0
569.03,6.9,3.2,20.3,41.0,8.0,44.0,51.0,604.0,54.6,31.9,0.1,0.1,1.1,979.0,283.0,861.0
570.027,6.7,2.9,23.1,41.0,4.0,44.0,51.0,605.0,54.7,31.9,0.2,0.3,0.0,979.0,283.0,861.0
571.03,7.5,3.2,17.9,41.0,1.0,44.0,51.0,606.0,54.6,31.9,0.0,0.0,0.1,979.0,283.0,861.0
572.049,7.3,3.1,18.8,41.0,4.0,44.0,51.0,606.0,54.6,31.9,0.0,0.1,0.0,979.0,283.0,861.0
573.058,9.2,1.2,23.1,41.0,3.0,45.0,51.0,606.0,54.7,31.9,0.0,0.0,0.0,979.0,283.0,861.0
574.038,36.9,3.2,57.1,41.0,4.0,44.0,51.0,604.0,54.8,31.9,0.0,0.0,0.2,979.0,283.0,864.0
575.032,40.9,3.2,62.5,41.0,10.0,44.0,52.0,605.0,54.9,31.9,0.2,0.1,0.4,979.0,283.0,864.0
576.037,18.5,3.2,50.8,41.0,5.0,44.0,51.0,605.0,54.9,31.9,0.0,0.0,0.1,979.0,283.0,864.0
577.034,38.7,3.2,59.1,45.3,4.0,44.0,51.0,604.0,54.8,31.9,0.0,0.0,2.4,979.0,283.0,864.0
578.036,38.2,3.2,59.7,45.3,4.0,44.0,51.0,605.0,54.9,31.9,0.0,0.0,0.7,1021.0,318.0,885.0
579.027,41.8,3.2,55.6,45.3,4.0,44.0,51.0,603.0,55.0,31.9,0.3,0.2,0.2,1021.0,318.0,885.0
580.025,25.3,3.2,67.2,45.3,4.0,44.0,51.0,603.0,55.0,31.9,0.0,0.0,0.1,1021.0,318.0,885.0
581.039,23.9,1.2,76.9,47.5,11.0,45.0,52.0,603.0,55.0,31.9,0.0,0.0,1.6,1021.0,318.0,885.0
582.028,23.8,3.2,95.3,47.5,6.0,44.0,51.0,603.0,55.0,31.9,0.0,0.0,4.3,1102.0,398.0,950.0
583.03,42.2,3.2,82.5,47.5,4.0,45.0,52.0,602.0,54.9,31.9,0.1,0.1,5.4,1102.0,398.0,950.0
584.025,30.9,3.2,46.9,47.5,2.0,45.0,51.0,602.0,55.0,31.9,0.0,0.0,1.2,1102.0,398.0,950.0
585.025,28.2,3.2,50.0,47.0,11.0,44.0,51.0,603.0,55.0,31.9,0.0,0.0,4.3,1102.0,398.0,950.0
586.025,19.8,3.2,59.2,47.0,3.0,44.0,51.0,603.0,54.9,31.9,0.0,0.0,4.2,1113.0,409.0,957.0
587.031,39.6,1.6,67.7,47.0,7.0,44.0,51.0,602.0,55.0,31.9,0.0,0.0,4.2,1113.0,409.0,957.0
588.039,12.8,3.2,29.7,47.0,6.0,44.0,51.0,603.0,54.9,31.9,0.1,0.1,0.1,1113.0,409.0,957.0
589.026,14.2,3.2,34.3,43.8,5.0,44.0,51.0,604.0,54.9,31.9,0.1,0.0,3.5,1113.0,409.0,957.0
590.041,13.9,3.2,27.7,43.8,4.0,44.0,51.0,603.0,54.9,31.9,0.5,1.0,3.4,1100.0,399.0,942.0
591.058,16.0,3.2,33.8,43.8,4.0,44.0,51.0,603.0,54.9,31.9,4.1,8.2,3.1,1100.0,399.0,942.0
592.031,8.4,3.2,19.0,43.8,5.0,44.0,51.0,604.0,54.9,31.9,0.2,0.1,0.1,1100.0,399.0,942.0
593.039,10.9,3.2,21.9,42.0,1.0,44.0,51.0,605.0,54.9,31.9,0.1,0.1,3.5,1100.0,399.0,942.0
594.038,20.2,3.2,40.0,42.0,11.0,45.0,51.0,604.0,54.9,31.9,0.8,0.8,2.4,1031.0,342.0,909.0
595.032,11.7,2.5,29.7,42.0,5.0,44.0,52.0,603.0,54.9,31.9,0.1,0.1,0.1,1031.0,342.0,909.0
596.025,20.3,3.2,47.8,42.0,4.0,44.0,52.0,604.0,55.0,31.9,0.0,0.0,1.1,1031.0,342.0,909.0
597.034,11.3,3.2,21.5,42.0,4.0,44.0,51.0,604.0,54.9,31.9,0.1,0.1,0.9,1031.0,342.0,909.0
598.037,12.2,3.2,24.6,42.0,2.0,44.0,51.0,603.0,55.0,31.9,1.2,2.2,6.5,1006.0,315.0,884.0
599.046,14.7,1.3,31.2,42.0,4.0,44.0,51.0,604.0,55.0,31.9,0.2,0.1,3.6,1006.0,315.0,884.0
600.042,14.3,3.2,31.8,42.0,9.0,44.0,52.0,605.0,55.0,31.9,0.1,0.1,5.2,1006.0,315.0,884.0
601.048,11.4,2.8,26.5,42.0,4.0,44.0,51.0,604.0,55.0,31.9,0.2,0.1,5.2,1006.0,315.0,884.0
602.036,20.8,3.2,35.9,42.0,1.0,44.0,51.0,603.0,55.0,31.9,0.2,0.3,4.4,1009.0,316.0,884.0
603.04,14.5,3.2,26.9,42.0,6.0,44.0,51.0,605.0,55.0,31.9,1.3,2.2,0.4,1009.0,316.0,884.0
604.048,9.6,3.2,25.4,42.0,3.0,45.0,51.0,605.0,55.0,31.9,0.1,0.0,3.1,1009.0,316.0,884.0
605.033,7.2,3.2,21.9,42.5,4.0,44.0,51.0,605.0,54.9,31.9,0.2,0.3,1.9,1009.0,316.0,884.0
606.033,8.5,3.2,21.7,42.5,3.0,45.0,52.0,605.0,55.0,31.9,0.1,0.1,2.0,1002.0,311.0,875.0
607.033,8.7,3.1,19.0,42.5,11.0,44.0,51.0,606.0,55.0,31.9,0.1,0.1,0.2,1002.0,311.0,875.0
608.034,8.9,3.2,20.0,42.5,1.0,44.0,51.0,606.0,55.0,31.9,0.0,0.0,0.8,1002.0,311.0,875.0
609.039,17.3,3.2,34.4,42.0,14.0,44.0,51.0,604.0,55.0,31.9,1.3,2.4,3.0,1002.0,311.0,875.0
610.031,8.3,3.2,18.8,42.0,7.0,44.0,51.0,605.0,54.9,31.9,1.1,2.0,2.3,1000.0,311.0,876.0
611.031,8.5,3.2,20.3,42.0,10.0,44.0,52.0,605.0,54.9,31.9,0.1,0.1,0.2,1000.0,311.0,876.0
612.045,6.8,1.9,17.2,42.0,1.0,45.0,52.0,605.0,54.9,31.9,0.0,0.0,2.1,1000.0,311.0,876.0
613.03,8.1,1.2,21.7,41.8,3.0,44.0,51.0,604.0,55.0,31.9,0.1,0.1,2.2,1000.0,311.0,876.0
614.033,10.4,2.8,20.3,41.8,8.0,44.0,51.0,605.0,55.0,31.9,0.1,0.1,0.5,1002.0,311.0,877.0
615.05,9.2,2.8,26.6,41.8,3.0,44.0,51.0,604.0,54.9,31.9,6.1,3.2,2.4,1002.0,311.0,877.0
616.048,7.4,3.2,20.9,41.8,3.0,44.0,51.0,604.0,54.9,31.9,0.1,0.1,1.1,1002.0,311.0,877.0
617.037,14.5,3.2,31.2,42.5,12.0,44.0,51.0,603.0,54.9,31.9,0.0,0.0,0.5,1002.0,311.0,877.0
618.024,7.7,3.2,18.8,42.5,2.0,44.0,52.0,603.0,54.9,31.9,0.1,0.2,0.1,1002.0,311.0,873.0
619.025,22.1,3.2,38.5,42.5,3.0,44.0,51.0,603.0,54.9,31.9,4.8,9.3,1.7,1002.0,311.0,873.0
620.035,13.5,3.2,25.0,42.5,9.0,44.0,52.0,603.0,54.9,31.9,1.9,3.4,1.1,1002.0,311.0,873.0
621.034,6.4,3.2,18.3,42.3,2.0,45.0,52.0,603.0,54.9,31.9,0.1,0.0,0.6,1002.0,311.0,873.0
622.031,5.6,3.2,12.7,42.3,4.0,45.0,51.0,602.0,54.9,31.9,0.1,0.1,0.0,1000.0,311.0,876.0
623.043,7.2,3.2,18.8,42.3,5.0,44.0,52.0,602.0,54.9,31.9,0.1,0.1,0.4,1000.0,311.0,876.0
624.059,7.5,3.2,20.0,42.3,3.0,45.0,51.0,601.0,54.9,31.9,0.5,0.9,0.4,1000.0,311.0,876.0
625.051,10.9,2.1,19.4,42.0,8.0,44.0,51.0,601.0,54.9,31.9,0.1,0.0,1.2,1000.0,311.0,876.0
626.039,12.3,3.2,23.4,42.0,7.0,44.0,52.0,601.0,54.9,31.9,0.3,0.4,0.6,1002.0,311.0,876.0
627.028,12.6,3.2,25.4,42.0,2.0,44.0,51.0,601.0,54.9,31.9,1.7,3.1,0.7,1002.0,311.0,876.0
628.043,7.7,2.9,16.7,42.0,12.0,44.0,52.0,602.0,54.9,31.9,0.1,0.1,0.2,1002.0,311.0,876.0
629.04,11.5,3.2,23.2,41.8,8.0,44.0,51.0,601.0,54.9,31.9,0.1,0.2,0.6,1002.0,311.0,876.0
630.028,10.0,3.2,26.6,41.8,7.0,44.0,51.0,602.0,54.9,31.9,1.6,3.0,0.3,1001.0,311.0,873.0
631.046,11.4,2.5,21.9,41.8,4.0,45.0,51.0,603.0,54.9,31.9,0.1,0.1,0.1,1001.0,311.0,873.0
632.032,6.1,3.2,19.1,41.8,8.0,45.0,51.0,603.0,54.9,31.9,0.1,0.1,0.2,1001.0,311.0,873.0
633.051,10.5,3.2,21.9,41.8,12.0,44.0,51.0,602.0,54.9,31.9,0.3,0.5,0.0,1001.0,311.0,873.0
634.041,11.7,3.2,24.3,41.8,9.0,44.0,51.0,603.0,54.9,31.9,4.6,9.1,0.1,1002.0,311.0,874.0
635.033,7.7,3.2,18.2,41.8,8.0,44.0,52.0,603.0,54.9,31.9,0.1,0.1,0.1,1002.0,311.0,874.0
636.049,10.1,3.2,23.4,41.8,6.0,45.0,51.0,603.0,54.8,31.9,0.2,0.2,0.1,1002.0,311.0,874.0
637.04,13.2,3.2,25.8,41.8,14.0,45.0,52.0,602.0,54.7,31.9,4.5,9.1,0.0,1002.0,311.0,874.0
638.044,4.8,3.2,12.3,41.8,5.0,44.0,52.0,603.0,54.8,31.9,0.1,0.0,0.2,1001.0,311.0,874.0
639.04,7.6,2.5,17.2,41.8,6.0,44.0,52.0,604.0,54.8,31.9,0.6,0.8,0.0,1001.0,311.0,874.0
640.041,11.5,3.2,23.4,41.8,13.0,45.0,52.0,605.0,54.7,31.9,0.1,0.1,0.5,1001.0,311.0,874.0
641.06,14.2,3.2,29.9,42.5,4.0,44.0,51.0,605.0,54.8,31.9,6.3,12.1,0.2,1001.0,311.0,874.0
642.026,10.1,3.2,25.0,42.5,8.0,44.0,51.0,604.0,54.8,31.9,0.1,0.1,0.0,1001.0,311.0,876.0
643.037,6.2,2.5,13.8,42.5,11.0,44.0,51.0,604.0,54.8,31.9,0.0,0.0,0.0,1001.0,311.0,876.0
644.037,12.7,3.2,36.9,42.5,12.0,44.0,51.0,605.0,54.7,31.9,0.2,0.2,0.4,1001.0,311.0,876.0
645.026,7.6,3.2,17.2,42.0,12.0,44.0,51.0,604.0,54.8,31.9,0.1,0.2,0.4,1001.0,311.0,876.0
646.026,12.6,3.2,24.6,42.0,5.0,44.0,51.0,604.0,54.7,31.9,0.2,0.3,0.7,1003.0,311.0,874.0
647.037,12.4,3.2,23.9,42.0,6.0,45.0,51.0,603.0,54.7,31.9,1.1,2.0,0.2,1003.0,311.0,874.0
648.028,14.4,2.9,27.1,42.0,9.0,45.0,51.0,604.0,54.7,31.9,0.1,0.1,0.3,1003.0,311.0,874.0
649.024,14.8,1.9,30.2,42.3,5.0,45.0,51.0,604.0,54.7,31.9,0.5,0.9,0.4,1003.0,311.0,874.0
650.024,16.6,3.2,40.0,42.3,4.0,45.0,51.0,603.0,54.7,31.9,0.4,0.4,0.5,1000.0,311.0,874.0
651.053,16.5,1.8,46.4,42.3,10.0,44.0,51.0,604.0,54.7,31.9,0.3,0.4,0.2,1000.0,311.0,874.0
652.024,12.3,1.2,29.2,42.3,7.0,45.0,52.0,605.0,54.7,31.9,0.0,0.1,1.2,1000.0,311.0,874.0
653.036,14.3,3.2,42.4,42.3,4.0,44.0,51.0,605.0,54.8,31.9,0.1,0.1,0.8,1000.0,311.0,874.0
654.054,23.5,1.6,41.5,42.3,11.0,44.0,52.0,605.0,54.7,31.9,1.1,2.0,1.0,1003.0,311.0,873.0
655.044,12.8,3.2,21.2,42.3,5.0,45.0,51.0,605.0,54.8,31.9,4.8,9.2,0.3,1003.0,311.0,873.0
656.04,8.4,2.2,21.7,42.3,13.0,45.0,51.0,604.0,54.8,31.9,0.2,0.3,1.2,1003.0,311.0,873.0
657.059,10.9,1.5,27.7,42.0,11.0,44.0,51.0,604.0,54.8,31.9,0.3,0.4,0.0,1003.0,311.0,873.0
658.041,9.4,1.2,21.5,42.0,7.0,44.0,51.0,605.0,54.8,31.9,0.1,0.1,0.0,1002.0,311.0,876.0
659.046,12.0,3.2,26.1,42.0,7.0,44.0,51.0,606.0,54.8,31.9,0.1,0.1,0.7,1002.0,311.0,876.0
660.043,23.6,3.2,58.5,42.0,5.0,45.0,51.0,605.0,54.8,31.9,0.1,0.1,0.0,1002.0,311.0,876.0
661.054,21.8,1.2,44.4,42.5,2.0,44.0,51.0,606.0,54.8,31.9,0.2,0.2,0.4,1002.0,311.0,876.0
662.029,21.0,3.2,32.3,42.5,5.0,44.0,52.0,605.0,54.9,31.9,0.1,0.1,0.3,1006.0,320.0,881.0
663.027,16.0,3.1,51.6,42.5,9.0,44.0,51.0,604.0,54.8,31.9,0.2,0.1,0.4,1006.0,320.0,881.0
664.026,8.0,3.2,18.8,42.5,4.0,45.0,52.0,605.0,54.8,31.9,0.2,0.2,0.2,1006.0,320.0,881.0
665.025,8.6,2.2,20.3,42.3,4.0,44.0,52.0,605.0,54.8,31.9,0.2,0.2,0.2,1006.0,320.0,881.0
666.03,17.6,3.2,32.3,42.3,7.0,44.0,52.0,604.0,54.8,31.9,0.0,0.0,0.4,1030.0,338.0,899.0
667.03,9.5,3.2,23.9,42.3,2.0,44.0,52.0,604.0,54.9,31.9,0.0,0.0,0.1,1030.0,338.0,899.0
668.026,18.2,3.2,35.3,42.3,14.0,44.0,52.0,604.0,54.9,31.9,0.0,0.0,3.6,1030.0,338.0,899.0
669.042,37.6,3.2,65.7,43.3,15.0,44.0,52.0,604.0,55.1,31.9,0.2,0.1,5.3,1030.0,338.0,899.0
670.025,32.9,3.2,57.1,43.3,6.0,44.0,52.0,604.0,55.1,31.9,0.4,0.6,4.3,1003.0,316.0,886.0
671.048,6.4,3.2,18.2,43.3,12.0,45.0,51.0,605.0,55.1,31.9,0.0,0.0,0.3,1003.0,316.0,886.0
672.043,10.2,3.2,20.0,43.3,7.0,45.0,52.0,604.0,55.1,31.9,0.0,0.0,4.2,1003.0,316.0,886.0
673.027,6.5,2.3,16.9,42.8,6.0,44.0,51.0,604.0,55.0,31.9,0.0,0.0,3.2,1003.0,316.0,886.0
674.031,16.3,3.2,33.3,42.8,7.0,44.0,52.0,604.0,55.0,31.9,0.1,0.2,0.7,1045.0,350.0,905.0
675.034,10.4,3.2,23.1,42.8,5.0,44.0,51.0,604.0,55.0,31.9,0.0,0.0,3.1,1045.0,350.0,905.0
676.041,9.9,3.2,20.3,42.8,3.0,44.0,51.0,604.0,54.9,31.9,0.2,0.3,3.2,1045.0,350.0,905.0
677.037,13.7,1.8,20.3,42.0,11.0,44.0,52.0,604.0,54.9,31.9,0.5,0.5,2.6,1045.0,350.0,905.0
678.025,14.8,3.2,30.2,42.0,2.0,44.0,51.0,604.0,55.0,31.9,0.0,0.0,0.0,1005.0,313.0,882.0
679.044,16.2,1.2,39.7,42.0,4.0,44.0,52.0,604.0,55.0,31.9,0.1,0.0,1.7,1005.0,313.0,882.0
680.041,16.0,3.2,28.1,42.0,8.0,44.0,51.0,604.0,55.0,31.9,0.2,0.2,1.4,1005.0,313.0,882.0
681.034,21.1,3.1,35.9,43.0,2.0,44.0,51.0,604.0,55.2,31.9,0.2,0.2,2.3,1005.0,313.0,882.0
682.039,10.7,3.2,23.4,43.0,4.0,44.0,51.0,604.0,55.2,31.9,4.7,9.2,0.4,1002.0,311.0,876.0
683.052,7.4,2.1,17.6,43.0,13.0,44.0,52.0,604.0,55.2,31.9,0.1,0.0,1.0,1002.0,311.0,876.0
684.03,6.7,2.5,22.5,43.0,10.0,44.0,52.0,603.0,55.2,31.9,0.0,0.1,1.1,1002.0,311.0,876.0
685.037,9.6,3.2,17.2,42.0,5.0,44.0,52.0,604.0,55.2,31.9,0.1,0.1,1.1,1002.0,311.0,876.0
686.04,6.4,3.2,20.3,42.0,4.0,44.0,51.0,604.0,55.1,31.9,0.0,0.0,0.5,1013.0,317.0,883.0
687.039,6.6,3.2,20.6,42.0,15.0,44.0,52.0,605.0,55.1,31.9,0.0,0.0,1.0,1013.0,317.0,883.0
688.027,5.2,3.2,14.1,42.0,4.0,45.0,52.0,606.0,55.1,31.9,0.0,0.0,1.0,1013.0,317.0,883.0
689.045,7.0,3.2,15.4,41.8,7.0,45.0,51.0,606.0,55.1,31.9,0.0,0.0,2.7,1013.0,317.0,883.0
690.041,7.8,3.2,17.2,41.8,10.0,44.0,51.0,606.0,55.1,31.9,0.0,0.0,1.1,1002.0,311.0,876.0
691.027,14.2,2.6,27.9,41.8,6.0,44.0,51.0,606.0,55.1,31.9,0.3,0.4,0.1,1002.0,311.0,876.0
692.027,13.5,3.2,29.2,41.8,5.0,44.0,51.0,605.0,55.1,31.9,0.3,0.5,0.3,1002.0,311.0,876.0
693.054,15.7,1.6,39.4,41.8,6.0,44.0,51.0,606.0,55.1,31.9,0.0,0.0,0.0,1002.0,311.0,876.0
694.045,18.6,3.2,28.1,41.8,3.0,44.0,51.0,605.0,55.2,31.9,0.2,0.2,0.4,1001.0,310.0,876.0
695.037,17.7,3.2,36.5,41.8,5.0,45.0,52.0,604.0,55.2,31.9,0.0,0.0,0.1,1001.0,310.0,876.0
696.036,11.6,3.2,33.3,41.8,3.0,44.0,51.0,604.0,55.3,31.9,4.6,9.2,0.4,1001.0,310.0,876.0
697.025,8.1,3.2,26.2,42.3,3.0,44.0,51.0,605.0,55.3,31.9,0.1,0.0,0.2,1001.0,310.0,876.0
698.04,8.0,3.2,22.9,42.3,9.0,44.0,52.0,604.0,55.3,31.9,0.1,0.0,0.0,1002.0,310.0,875.0
699.03,8.7,3.2,20.6,42.3,5.0,44.0,51.0,604.0,55.3,31.9,0.1,0.1,0.0,1002.0,310.0,875.0
700.046,9.4,3.2,18.8,42.3,4.0,45.0,52.0,603.0,55.2,31.9,0.0,0.0,0.1,1002.0,310.0,875.0
701.043,11.8,3.2,28.6,42.0,6.0,45.0,52.0,604.0,55.3,31.9,4.6,9.2,0.7,1002.0,310.0,875.0
702.052,8.9,3.2,30.1,42.0,7.0,45.0,52.0,604.0,55.2,31.9,0.0,0.0,0.1,1004.0,311.0,876.0
703.035,5.1,3.2,17.2,42.0,4.0,44.0,51.0,605.0,55.3,31.9,0.2,0.1,0.1,1004.0,311.0,876.0
704.047,5.6,3.2,17.5,42.0,7.0,44.0,51.0,604.0,55.3,31.9,0.1,0.1,0.5,1004.0,311.0,876.0
705.046,8.5,2.5,21.5,42.0,3.0,44.0,52.0,605.0,55.2,31.9,0.1,0.1,0.5,1004.0,311.0,876.0
706.04,8.8,3.2,23.2,42.0,3.0,44.0,52.0,604.0,55.2,31.9,0.1,0.1,0.1,1001.0,311.0,873.0
707.039,7.9,3.2,23.1,42.0,3.0,45.0,52.0,605.0,55.2,31.9,0.0,0.0,0.1,1001.0,311.0,873.0
708.039,9.1,3.2,31.0,42.0,2.0,44.0,52.0,604.0,55.2,31.9,0.0,0.0,0.0,1001.0,311.0,873.0
709.052,6.9,3.2,21.7,41.8,6.0,44.0,52.0,604.0,55.2,31.9,0.0,0.0,0.1,1001.0,311.0,873.0
710.042,10.6,3.2,25.0,41.8,9.0,44.0,51.0,605.0,55.3,31.9,0.0,0.0,0.1,1002.0,311.0,874.0
711.033,7.4,3.2,18.8,41.8,2.0,44.0,52.0,604.0,55.3,31.9,0.5,0.9,0.1,1002.0,311.0,874.0
712.033,4.8,3.2,15.4,41.8,4.0,45.0,51.0,605.0,55.3,31.9,0.0,0.0,0.1,1002.0,311.0,874.0
713.056,7.1,2.1,20.0,41.8,2.0,44.0,51.0,605.0,55.3,31.9,0.0,0.0,0.0,1002.0,311.0,874.0
714.034,7.4,3.2,18.2,41.8,4.0,44.0,51.0,605.0,55.3,31.9,0.1,0.1,0.0,1002.0,311.0,875.0
715.045,8.3,1.2,21.7,41.8,4.0,44.0,51.0,604.0,55.3,31.9,0.1,0.1,0.2,1002.0,311.0,875.0
716.045,7.0,3.2,23.2,41.8,3.0,44.0,51.0,604.0,55.1,31.9,0.0,0.0,0.2,1002.0,311.0,875.0
717.031,5.4,3.2,22.4,41.8,3.0,44.0,51.0,605.0,55.2,31.9,0.0,0.0,0.0,1002.0,311.0,875.0
718.048,6.4,3.2,17.2,41.8,8.0,44.0,52.0,605.0,55.1,31.9,0.0,0.0,0.1,1001.0,311.0,873.0
719.038,6.7,3.2,18.8,41.8,7.0,45.0,51.0,606.0,55.2,31.9,0.0,0.0,1.1,1001.0,311.0,873.0
720.038,8.7,3.2,18.8,41.8,4.0,44.0,52.0,606.0,55.1,31.9,0.0,0.1,0.0,1001.0,311.0,873.0
721.033,7.8,3.2,20.6,41.8,4.0,44.0,52.0,605.0,55.2,31.9,0.0,0.0,0.3,1001.0,311.0,873.0
722.032,8.2,3.2,18.5,41.8,10.0,44.0,52.0,605.0,55.2,31.9,0.0,0.0,0.4,1003.0,310.0,874.0
723.032,7.2,3.2,20.6,41.8,6.0,44.0,52.0,605.0,55.2,31.9,0.0,0.0,0.0,1003.0,310.0,874.0
724.038,7.6,3.2,18.5,41.8,12.0,44.0,52.0,604.0,55.1,31.9,0.0,0.0,0.1,1003.0,310.0,874.0
725.025,7.2,3.2,23.4,41.5,13.0,44.0,52.0,604.0,55.1,31.9,0.0,0.0,0.2,1003.0,310.0,874.0
726.064,6.5,3.2,21.4,41.5,7.0,44.0,52.0,606.0,55.2,31.9,0.0,0.0,1.0,1001.0,311.0,875.0
727.023,6.2,3.2,14.5,41.5,6.0,45.0,51.0,605.0,55.2,31.9,0.0,0.0,0.0,1001.0,311.0,875.0
728.029,7.9,3.2,22.1,41.5,5.0,44.0,51.0,606.0,55.1,31.9,0.2,0.1,0.1,1001.0,311.0,875.0
729.037,7.5,3.2,18.5,41.5,6.0,44.0,52.0,606.0,55.2,31.9,0.0,0.0,0.0,1001.0,311.0,875.0
730.035,8.8,3.2,24.6,41.5,4.0,44.0,51.0,604.0,55.0,31.9,0.0,0.0,0.0,1001.0,311.0,875.0
731.038,6.4,3.2,16.7,41.5,12.0,44.0,52.0,605.0,55.0,31.9,0.0,0.0,0.2,1001.0,311.0,875.0
732.025,9.2,2.6,23.8,41.5,8.0,44.0,51.0,606.0,55.0,31.9,0.0,0.0,0.0,1001.0,311.0,875.0
733.03,5.3,3.2,12.5,41.0,1.0,45.0,51.0,606.0,55.0,31.9,0.0,0.0,0.0,1001.0,311.0,875.0
734.037,14.8,1.2,29.7,41.0,8.0,44.0,52.0,606.0,55.0,31.9,0.5,0.9,0.8,1002.0,310.0,875.0
735.025,11.0,3.2,36.5,41.0,10.0,44.0,52.0,606.0,55.0,31.9,4.3,8.6,0.1,1002.0,310.0,875.0
736.029,7.0,2.8,20.3,41.0,7.0,44.0,52.0,606.0,55.0,31.9,0.1,0.0,0.0,1002.0,310.0,875.0
737.043,7.8,3.2,21.2,41.3,6.0,44.0,51.0,607.0,55.0,31.9,0.1,0.1,0.0,1002.0,310.0,875.0
738.027,9.8,3.2,22.1,41.3,7.0,44.0,51.0,607.0,55.0,31.9,0.0,0.1,0.0,1001.0,311.0,876.0
739.026,9.1,2.8,23.8,41.3,8.0,44.0,52.0,607.0,55.0,31.9,0.1,0.2,0.3,1001.0,311.0,876.0
740.028,11.4,3.2,27.5,41.3,2.0,44.0,51.0,606.0,55.0,31.9,4.9,9.4,0.3,1001.0,311.0,876.0
741.034,6.7,3.2,22.2,41.5,5.0,45.0,51.0,606.0,55.0,31.9,0.0,0.0,0.5,1001.0,311.0,876.0
742.03,8.3,3.1,19.0,41.5,10.0,44.0,51.0,605.0,55.0,31.9,0.0,0.0,0.0,1003.0,310.0,873.0
743.045,7.4,1.2,21.5,41.5,7.0,44.0,51.0,606.0,55.0,31.9,0.1,0.0,0.2,1003.0,310.0,873.0
744.032,6.3,2.8,14.7,41.5,3.0,44.0,51.0,605.0,55.0,31.9,0.0,0.0,0.0,1003.0,310.0,873.0
745.036,7.8,2.1,23.4,40.8,4.0,44.0,51.0,606.0,55.0,31.9,0.1,0.1,0.2,1003.0,310.0,873.0
746.041,8.6,3.2,26.4,40.8,7.0,44.0,51.0,606.0,55.0,31.9,0.0,0.0,0.3,994.0,297.0,868.0
747.035,12.7,1.3,25.0,40.8,3.0,44.0,51.0,606.0,55.0,31.9,0.2,0.2,0.0,994.0,297.0,868.0
748.034,13.5,3.2,23.4,40.8,2.0,44.0,52.0,606.0,54.9,31.9,0.0,0.0,0.0,994.0,297.0,868.0
749.038,14.4,1.2,27.7,41.8,9.0,44.0,52.0,605.0,55.0,31.9,5.4,10.4,0.9,994.0,297.0,868.0
750.036,9.0,3.2,28.6,41.8,13.0,44.0,52.0,605.0,55.0,31.9,0.0,0.0,0.0,980.0,283.0,864.0
751.029,9.5,3.2,23.4,41.8,4.0,45.0,52.0,606.0,55.0,31.9,0.1,0.1,0.1,980.0,283.0,864.0
752.046,9.1,3.2,25.0,41.8,1.0,44.0,52.0,606.0,55.0,31.9,0.0,0.0,0.0,980.0,283.0,864.0
753.034,6.3,3.2,24.6,41.0,9.0,44.0,52.0,605.0,55.1,31.9,0.0,0.1,0.0,980.0,283.0,864.0
754.03,8.4,3.2,17.2,41.0,12.0,44.0,52.0,605.0,55.0,31.9,0.1,0.1,0.0,979.0,283.0,862.0
755.031,9.9,3.2,27.4,41.0,7.0,44.0,52.0,606.0,55.0,31.9,0.1,0.1,0.2,979.0,283.0,862.0
756.028,6.0,3.2,16.4,41.0,16.0,44.0,52.0,606.0,55.1,31.9,0.0,0.1,0.0,979.0,283.0,862.0
757.063,9.6,2.3,20.3,41.0,4.0,45.0,51.0,606.0,54.9,31.9,0.0,0.0,0.0,979.0,283.0,862.0
758.027,6.8,3.2,22.2,41.0,6.0,44.0,52.0,606.0,55.0,31.9,0.0,0.0,0.1,980.0,283.0,861.0
759.028,8.5,2.5,16.2,41.0,8.0,44.0,51.0,605.0,55.1,31.9,0.0,0.0,0.0,980.0,283.0,861.0
760.046,12.2,3.2,29.0,41.0,4.0,44.0,51.0,605.0,55.2,31.9,0.3,0.2,0.1,980.0,283.0,861.0
761.046,7.6,3.2,20.0,41.3,11.0,44.0,52.0,605.0,55.0,31.9,0.0,0.0,0.2,980.0,283.0,861.0
762.044,9.4,1.5,21.9,41.3,4.0,44.0,52.0,606.0,55.0,31.9,0.0,0.0,0.2,979.0,283.0,860.0
763.029,6.8,3.2,16.4,41.3,2.0,45.0,52.0,605.0,55.0,31.9,0.0,0.1,0.1,979.0,283.0,860.0
764.027,10.5,3.2,23.2,41.3,7.0,44.0,52.0,605.0,55.0,31.9,0.4,0.6,1.0,979.0,283.0,860.0
765.059,9.0,3.2,19.7,41.5,4.0,44.0,51.0,604.0,55.0,31.9,4.6,9.1,0.3,979.0,283.0,860.0
766.049,7.8,1.2,21.5,41.5,11.0,44.0,52.0,605.0,55.0,31.9,0.2,0.3,0.0,979.0,283.0,863.0
767.046,7.0,2.1,15.9,41.5,6.0,44.0,51.0,604.0,55.0,31.9,0.0,0.1,0.0,979.0,283.0,863.0
768.027,7.7,3.2,17.5,41.5,3.0,44.0,51.0,603.0,55.0,31.9,0.3,0.1,0.0,979.0,283.0,863.0
769.027,7.3,3.2,21.7,41.0,5.0,44.0,51.0,604.0,55.0,31.9,0.1,0.0,0.1,979.0,283.0,863.0
770.039,7.2,3.2,18.8,41.0,2.0,44.0,51.0,605.0,55.0,31.9,0.0,0.0,0.4,979.0,283.0,864.0
771.033,7.9,3.2,22.1,41.0,1.0,44.0,51.0,605.0,55.0,31.9,0.0,0.0,0.0,979.0,283.0,864.0
772.034,7.9,3.2,21.5,41.0,7.0,44.0,51.0,605.0,55.0,31.9,0.1,0.1,0.0,979.0,283.0,864.0
773.044,8.4,3.2,21.7,41.0,5.0,44.0,51.0,605.0,55.1,31.9,0.0,0.0,0.0,979.0,283.0,864.0
774.058,9.2,2.8,30.6,41.0,12.0,44.0,52.0,604.0,55.1,31.9,0.0,0.0,0.1,979.0,283.0,862.0
775.033,7.1,2.8,25.0,41.0,7.0,45.0,51.0,604.0,55.0,31.9,0.0,0.0,0.2,979.0,283.0,862.0
776.038,7.0,2.8,17.2,41.0,2.0,44.0,51.0,604.0,55.0,31.9,0.1,0.2,0.2,979.0,283.0,862.0
777.042,12.3,3.2,31.4,41.3,2.0,44.0,51.0,606.0,55.0,31.9,0.0,0.0,0.0,979.0,283.0,862.0
778.044,11.3,3.2,27.7,41.3,8.0,44.0,52.0,605.0,55.0,31.9,0.1,0.1,0.2,980.0,284.0,861.0
779.058,7.3,3.2,22.5,41.3,10.0,44.0,52.0,606.0,55.0,31.9,0.0,0.0,0.6,980.0,284.0,861.0
780.039,6.8,2.6,20.6,41.3,7.0,44.0,52.0,605.0,55.0,31.9,0.0,0.0,0.0,980.0,284.0,861.0
781.043,11.7,3.2,32.8,41.5,6.0,45.0,51.0,604.0,55.0,31.9,0.3,0.4,0.0,980.0,284.0,861.0
782.038,11.0,3.2,29.7,41.5,2.0,45.0,51.0,604.0,55.0,31.9,0.1,0.1,0.0,980.0,283.0,863.0
783.023,5.5,3.2,22.2,41.5,10.0,44.0,52.0,603.0,55.0,31.9,0.0,0.0,0.0,980.0,283.0,863.0
784.038,6.3,3.2,20.0,41.5,8.0,44.0,52.0,602.0,55.0,31.9,0.0,0.0,0.1,980.0,283.0,863.0
785.047,5.6,3.2,25.0,41.8,2.0,44.0,51.0,602.0,55.0,31.9,0.0,0.0,0.1,980.0,283.0,863.0
786.036,7.8,2.9,20.3,41.8,5.0,45.0,51.0,601.0,55.0,31.9,0.0,0.0,0.0,979.0,282.0,862.0
787.033,8.3,2.9,20.3,41.8,4.0,44.0,51.0,601.0,55.0,31.9,0.0,0.0,0.0,979.0,282.0,862.0
788.06,7.3,3.2,15.6,41.8,2.0,44.0,51.0,600.0,55.0,31.9,0.0,0.0,0.0,979.0,282.0,862.0
789.057,7.8,2.8,22.2,41.3,9.0,44.0,52.0,600.0,55.0,31.9,0.0,0.0,0.1,979.0,282.0,862.0
790.032,7.5,3.2,20.6,41.3,3.0,44.0,51.0,601.0,55.0,31.9,0.0,0.0,0.2,980.0,283.0,862.0
791.042,8.6,3.2,26.2,41.3,6.0,44.0,51.0,602.0,54.9,31.9,0.0,0.0,0.2,980.0,283.0,862.0
792.059,6.4,1.6,24.6,41.3,3.0,44.0,51.0,602.0,55.0,31.9,0.0,0.0,0.6,980.0,283.0,862.0
793.028,10.4,3.2,23.8,41.5,12.0,44.0,52.0,601.0,55.0,31.9,0.0,0.0,0.0,980.0,283.0,862.0
794.032,9.7,3.1,26.8,41.5,11.0,44.0,51.0,601.0,55.0,31.9,0.2,0.3,0.6,978.0,283.0,863.0
795.031,11.3,3.2,25.0,41.5,5.0,44.0,52.0,601.0,55.0,31.9,0.0,0.0,0.2,978.0,283.0,863.0
796.049,5.9,3.2,18.8,41.5,0.0,44.0,51.0,601.0,55.1,31.9,6.0,3.2,1.2,978.0,283.0,863.0
797.025,9.0,3.2,24.2,41.3,6.0,44.0,51.0,602.0,55.0,31.9,0.0,0.0,0.0,978.0,283.0,863.0
798.036,5.8,3.2,17.2,41.3,4.0,44.0,51.0,602.0,55.0,31.9,0.1,0.0,0.2,979.0,282.0,863.0
799.036,7.2,3.2,21.5,41.3,4.0,45.0,51.0,601.0,54.9,31.9,0.0,0.1,0.1,979.0,282.0,863.0
800.037,9.4,3.1,33.3,41.3,5.0,44.0,51.0,602.0,54.9,31.9,0.0,0.0,0.0,979.0,282.0,863.0
801.026,9.5,3.2,23.5,41.3,3.0,44.0,51.0,603.0,54.9,31.9,0.0,0.0,0.0,979.0,282.0,863.0
802.037,7.8,3.2,21.7,41.3,3.0,44.0,51.0,604.0,54.9,31.9,0.0,0.0,0.0,980.0,283.0,862.0
803.039,8.4,1.5,20.3,41.3,2.0,44.0,51.0,603.0,54.9,31.9,0.0,0.0,0.0,980.0,283.0,862.0
804.043,14.9,3.2,38.2,41.3,1.0,44.0,52.0,604.0,54.9,31.9,0.0,0.0,0.2,980.0,283.0,862.0
805.028,22.5,3.2,43.1,41.5,2.0,44.0,51.0,603.0,54.9,31.9,0.0,0.0,0.2,980.0,283.0,862.0
806.043,17.1,1.6,36.9,41.5,3.0,44.0,52.0,603.0,54.9,31.9,0.1,0.0,0.3,978.0,282.0,862.0
807.027,15.0,2.5,29.7,41.5,2.0,44.0,51.0,603.0,55.0,31.9,0.0,0.0,0.4,978.0,282.0,862.0
808.033,10.5,1.2,24.6,41.5,2.0,44.0,51.0,603.0,55.0,31.9,0.0,0.0,0.4,978.0,282.0,862.0
809.032,7.2,2.2,20.0,41.8,2.0,44.0,51.0,603.0,55.0,31.9,0.0,0.0,1.0,978.0,282.0,862.0
810.031,17.1,3.2,31.3,41.8,4.0,44.0,51.0,603.0,54.9,31.9,1.5,2.4,5.5,1011.0,308.0,878.0
811.023,17.2,1.6,31.2,41.8,1.0,44.0,51.0,604.0,54.9,31.9,0.1,0.0,5.3,1011.0,308.0,878.0
812.035,17.2,2.1,30.4,41.8,3.0,44.0,51.0,604.0,54.9,31.9,0.1,0.1,4.3,1011.0,308.0,878.0
813.056,14.0,3.2,26.1,42.3,8.0,44.0,52.0,604.0,54.9,31.9,1.3,2.3,0.2,1011.0,308.0,878.0
814.024,10.4,3.2,19.4,42.3,10.0,44.0,51.0,604.0,54.9,31.9,0.1,0.0,4.3,1002.0,310.0,876.0
815.049,8.6,2.1,19.7,42.3,4.0,44.0,52.0,604.0,54.9,31.9,0.0,0.1,3.1,1002.0,310.0,876.0
816.057,5.8,1.9,16.9,42.3,11.0,44.0,51.0,605.0,54.8,31.9,0.0,0.0,3.2,1002.0,310.0,876.0
817.046,6.7,1.2,17.2,41.5,7.0,45.0,52.0,604.0,54.9,31.9,0.0,0.0,0.0,1002.0,310.0,876.0
818.03,9.4,3.2,24.6,41.5,4.0,44.0,51.0,605.0,54.9,31.9,0.0,0.0,2.4,1000.0,310.0,876.0
819.03,8.5,3.2,18.8,41.5,5.0,44.0,51.0,605.0,54.9,31.9,0.1,0.1,2.0,1000.0,310.0,876.0
820.024,5.1,3.2,12.5,41.5,2.0,45.0,51.0,605.0,54.9,31.9,0.1,0.1,2.1,1000.0,310.0,876.0
821.032,9.3,3.2,18.5,41.5,2.0,44.0,51.0,605.0,54.9,31.9,0.0,0.0,0.2,1000.0,310.0,876.0
822.023,11.4,1.2,23.9,41.5,5.0,45.0,52.0,605.0,54.9,31.9,0.2,0.2,1.4,988.0,292.0,871.0
823.023,25.4,3.2,70.3,41.5,14.0,44.0,52.0,604.0,54.9,31.9,0.1,0.2,2.3,988.0,292.0,871.0
824.032,11.3,3.2,26.2,41.5,12.0,44.0,52.0,604.0,54.9,31.9,0.4,0.1,0.9,988.0,292.0,871.0
825.028,22.3,3.2,36.5,42.5,40.0,44.0,52.0,605.0,54.9,31.9,0.6,1.0,1.3,988.0,292.0,871.0
826.042,17.4,3.2,66.2,42.5,6.0,45.0,51.0,604.0,54.9,31.9,0.0,0.1,1.2,986.0,295.0,865.0
827.045,9.2,3.2,26.8,42.5,4.0,45.0,51.0,605.0,54.9,31.9,0.1,0.1,1.2,986.0,295.0,865.0
828.044,8.8,3.2,26.5,42.5,4.0,45.0,51.0,605.0,54.9,31.9,0.0,0.1,0.1,986.0,295.0,865.0
829.034,7.1,2.1,19.4,42.0,3.0,44.0,51.0,606.0,54.8,31.9,0.1,0.1,1.2,986.0,295.0,865.0
830.058,7.1,3.2,20.0,42.0,4.0,44.0,51.0,605.0,54.9,31.9,0.0,0.1,1.4,1003.0,309.0,873.0
831.035,9.1,3.2,22.2,42.0,7.0,44.0,52.0,605.0,54.8,31.9,0.0,0.0,1.2,1003.0,309.0,873.0
832.03,6.9,3.2,14.9,42.0,6.0,44.0,51.0,605.0,54.8,31.9,0.0,0.0,0.0,1003.0,309.0,873.0
833.037,7.9,1.2,21.9,41.3,12.0,45.0,51.0,605.0,54.9,31.9,0.0,0.0,0.1,1003.0,309.0,873.0
834.028,9.0,3.2,17.1,41.3,6.0,44.0,51.0,605.0,54.8,31.9,0.1,0.1,0.6,1000.0,310.0,874.0
835.024,6.3,3.2,14.1,41.3,2.0,44.0,52.0,605.0,54.8,31.9,0.0,0.0,0.6,1000.0,310.0,874.0
836.024,7.0,3.2,16.7,41.3,11.0,44.0,52.0,606.0,54.8,31.9,0.0,0.0,0.3,1000.0,310.0,874.0
837.022,6.1,1.2,18.8,41.5,8.0,44.0,51.0,606.0,54.8,31.9,0.0,0.0,0.1,1000.0,310.0,874.0
838.047,7.8,3.1,19.7,41.5,10.0,44.0,52.0,605.0,54.8,31.9,0.1,0.0,0.3,1002.0,311.0,875.0
839.033,8.5,2.1,25.0,41.5,5.0,45.0,52.0,606.0,54.8,31.9,0.1,0.1,1.5,1002.0,311.0,875.0
840.028,6.3,3.2,20.6,41.5,12.0,44.0,52.0,606.0,54.8,31.9,0.3,0.4,0.2,1002.0,311.0,875.0
841.032,7.3,3.2,18.5,41.3,8.0,44.0,51.0,605.0,54.8,31.9,0.0,0.0,0.2,1002.0,311.0,875.0
842.047,8.0,3.2,18.8,41.3,9.0,44.0,51.0,605.0,54.8,31.9,0.0,0.0,0.0,1001.0,311.0,875.0
843.053,11.8,3.1,29.4,41.3,12.0,45.0,52.0,604.0,54.8,31.9,0.0,0.0,0.0,1001.0,311.0,875.0
844.037,6.8,3.2,19.4,41.3,8.0,44.0,52.0,604.0,54.8,31.9,0.0,0.0,0.1,1001.0,311.0,875.0
845.044,7.3,3.2,22.7,41.5,2.0,45.0,51.0,604.0,54.8,31.9,0.2,0.2,0.1,1001.0,311.0,875.0
846.027,6.7,3.2,20.9,41.5,5.0,44.0,52.0,605.0,54.8,31.9,0.0,0.0,0.1,1001.0,310.0,874.0
847.036,8.0,3.2,16.7,41.5,8.0,44.0,52.0,604.0,54.8,31.9,0.0,0.0,0.0,1001.0,310.0,874.0
848.027,9.8,1.2,20.6,41.5,8.0,44.0,52.0,604.0,54.8,31.9,0.0,0.0,0.1,1001.0,310.0,874.0
849.038,9.1,2.6,20.3,41.5,3.0,45.0,52.0,605.0,54.8,31.9,0.0,0.0,0.0,1001.0,310.0,874.0
850.024,5.7,3.2,14.3,41.5,3.0,44.0,52.0,604.0,54.8,31.9,0.0,0.0,0.1,1002.0,311.0,875.0
851.024,7.3,3.2,20.3,41.5,6.0,45.0,52.0,605.0,54.8,31.9,0.0,0.0,0.3,1002.0,311.0,875.0
852.031,5.8,3.2,12.5,41.5,11.0,45.0,52.0,604.0,54.8,31.9,0.0,0.0,0.0,1002.0,311.0,875.0
853.026,9.8,3.2,23.4,41.3,4.0,44.0,52.0,605.0,54.8,31.9,0.0,0.0,0.0,1002.0,311.0,875.0
854.026,10.8,3.2,24.6,41.3,8.0,44.0,51.0,604.0,54.8,31.9,1.2,2.1,0.6,999.0,310.0,876.0
855.028,9.0,1.3,32.8,41.3,5.0,45.0,51.0,604.0,54.8,31.9,0.1,0.2,0.0,999.0,310.0,876.0
856.026,5.9,3.2,15.4,41.3,10.0,45.0,52.0,605.0,54.8,31.9,0.1,0.2,0.4,999.0,310.0,876.0
857.041,7.8,2.9,19.4,41.8,4.0,44.0,51.0,605.0,54.8,31.9,0.1,0.1,0.0,999.0,310.0,876.0
858.038,10.7,2.6,29.2,41.8,4.0,45.0,52.0,604.0,54.8,31.9,1.7,3.3,0.2,1001.0,311.0,872.0
859.025,7.5,3.2,22.5,41.8,6.0,45.0,52.0,605.0,54.8,31.9,0.0,0.0,0.0,1001.0,311.0,872.0
860.026,18.1,3.2,48.4,41.8,5.0,45.0,52.0,603.0,54.8,31.9,0.1,0.1,0.0,1001.0,311.0,872.0
861.026,9.7,3.2,31.9,42.5,2.0,44.0,52.0,604.0,54.8,31.9,0.1,0.1,0.1,1001.0,311.0,872.0
862.032,5.3,3.2,12.5,42.5,5.0,45.0,52.0,604.0,54.8,31.9,0.1,0.1,0.0,1003.0,314.0,880.0
863.044,11.2,1.3,26.2,42.5,11.0,45.0,52.0,603.0,54.9,31.9,0.2,0.2,0.7,1003.0,314.0,880.0
864.049,8.2,3.2,23.5,42.5,4.0,45.0,52.0,603.0,54.8,31.9,1.1,2.0,0.7,1003.0,314.0,880.0
865.03,5.3,3.2,14.1,41.8,10.0,45.0,52.0,603.0,54.9,31.9,0.1,0.0,0.7,1003.0,314.0,880.0
866.034,9.0,3.2,21.9,41.8,11.0,44.0,52.0,602.0,54.8,31.9,0.0,0.0,0.6,1005.0,313.0,878.0
867.048,6.4,2.8,17.6,41.8,14.0,45.0,52.0,604.0,54.8,31.9,0.0,0.0,0.1,1005.0,313.0,878.0
868.05,11.4,3.2,22.4,41.8,2.0,45.0,52.0,603.0,54.8,31.9,0.0,0.0,0.0,1005.0,313.0,878.0
869.047,6.1,3.1,17.6,41.8,2.0,45.0,52.0,603.0,54.8,31.9,0.8,1.3,1.0,1005.0,313.0,878.0
870.027,9.4,3.2,30.4,41.8,3.0,44.0,51.0,603.0,54.8,31.9,0.0,0.0,0.1,1001.0,311.0,874.0
871.024,8.4,3.2,17.2,41.8,11.0,44.0,52.0,603.0,54.8,31.9,0.0,0.0,0.2,1001.0,311.0,874.0
872.041,8.4,3.2,22.1,41.8,4.0,45.0,51.0,603.0,54.8,31.9,0.1,0.1,0.1,1001.0,311.0,874.0
873.048,7.0,3.2,14.9,41.8,4.0,45.0,51.0,603.0,54.8,31.9,0.0,0.0,0.0,1001.0,311.0,874.0
874.031,8.6,1.2,22.7,41.8,11.0,44.0,52.0,602.0,54.8,31.9,0.0,0.0,0.0,1000.0,310.0,875.0
875.025,7.6,2.9,25.7,41.8,5.0,44.0,52.0,602.0,54.8,31.9,0.0,0.0,0.1,1000.0,310.0,875.0
876.033,8.7,3.2,18.5,41.8,13.0,45.0,52.0,602.0,54.8,31.9,0.0,0.0,1.3,1000.0,310.0,875.0
877.029,5.9,3.2,18.8,41.3,5.0,44.0,52.0,602.0,54.8,31.9,0.0,0.0,0.0,1000.0,310.0,875.0
878.031,11.1,3.2,35.2,41.3,3.0,45.0,52.0,602.0,54.8,31.9,0.6,1.0,0.2,1002.0,310.0,873.0
879.024,15.4,3.2,33.3,41.3,5.0,45.0,52.0,602.0,54.8,31.9,0.6,1.1,0.0,1002.0,310.0,873.0
880.03,9.8,3.2,29.2,41.3,14.0,45.0,52.0,602.0,54.8,31.9,0.1,0.1,0.1,1002.0,310.0,873.0
881.058,21.4,3.2,35.8,42.8,6.0,45.0,52.0,602.0,54.9,31.9,0.3,0.3,0.3,1002.0,310.0,873.0
882.028,49.8,3.2,72.3,42.8,12.0,45.0,52.0,602.0,55.0,31.9,0.2,0.3,0.9,1002.0,310.0,876.0
883.028,34.2,3.2,71.9,42.8,15.0,45.0,52.0,602.0,55.0,31.9,3.1,5.7,0.8,1002.0,310.0,876.0
884.038,17.4,2.3,40.6,42.8,2.0,44.0,51.0,603.0,55.0,31.9,1.2,2.3,0.6,1002.0,310.0,876.0
885.031,14.7,2.5,29.9,44.8,9.0,45.0,51.0,603.0,55.0,31.9,0.2,0.2,0.3,1002.0,310.0,876.0
886.03,8.3,3.2,25.4,44.8,4.0,45.0,51.0,603.0,55.0,31.9,0.2,0.2,0.4,1041.0,342.0,900.0
887.041,9.9,3.2,25.7,44.8,2.0,45.0,52.0,603.0,55.0,31.9,0.3,0.4,1.0,1041.0,342.0,900.0
888.03,13.6,3.2,25.8,44.8,2.0,44.0,52.0,603.0,55.0,31.9,1.1,1.9,0.8,1041.0,342.0,900.0
889.04,5.7,3.2,14.1,42.0,5.0,45.0,52.0,604.0,54.9,31.9,0.1,0.1,0.0,1041.0,342.0,900.0
890.029,6.6,2.3,22.5,42.0,2.0,45.0,52.0,604.0,55.0,31.9,0.1,0.1,0.1,1018.0,320.0,893.0
891.034,9.6,1.3,23.1,42.0,5.0,45.0,51.0,605.0,54.9,31.9,0.1,0.2,0.2,1018.0,320.0,893.0
892.025,15.3,1.3,26.9,42.0,4.0,45.0,52.0,604.0,55.0,31.9,0.2,0.1,1.1,1018.0,320.0,893.0
893.062,10.2,1.2,25.7,41.5,17.0,45.0,52.0,605.0,55.0,31.9,2.5,4.7,0.6,1018.0,320.0,893.0
894.043,10.5,3.2,21.5,41.5,8.0,45.0,52.0,604.0,55.1,31.9,1.0,1.6,0.3,1001.0,311.0,876.0
895.042,6.8,3.2,19.1,41.5,16.0,45.0,52.0,606.0,55.0,31.9,0.1,0.1,0.2,1001.0,311.0,876.0
896.041,11.6,3.2,31.0,41.5,12.0,44.0,51.0,605.0,55.0,31.9,1.0,1.8,0.5,1001.0,311.0,876.0
897.039,6.9,3.2,17.9,41.8,2.0,45.0,52.0,606.0,55.0,31.9,0.0,0.1,0.0,1001.0,311.0,876.0
898.032,6.5,3.2,19.4,41.8,13.0,44.0,52.0,606.0,55.0,31.9,0.1,0.0,0.2,1003.0,311.0,875.0
899.039,8.4,2.9,26.8,41.8,5.0,45.0,52.0,606.0,55.0,31.9,0.1,0.1,3.7,1003.0,311.0,875.0
900.045,8.0,3.2,22.1,41.8,4.0,45.0,52.0,606.0,55.1,31.9,0.0,0.0,0.1,1003.0,311.0,875.0
901.039,5.9,1.9,18.8,41.5,5.0,45.0,52.0,605.0,55.1,31.9,0.0,0.0,0.2,1003.0,311.0,875.0
902.051,11.1,3.2,23.2,41.5,3.0,45.0,51.0,606.0,55.0,31.9,0.0,0.0,0.0,1001.0,311.0,875.0
903.039,5.5,3.2,13.8,41.5,3.0,45.0,52.0,607.0,55.0,31.9,0.1,0.1,0.0,1001.0,311.0,875.0
904.05,8.4,3.2,25.0,41.5,1.0,44.0,52.0,606.0,55.0,31.9,0.0,0.0,0.1,1001.0,311.0,875.0
905.031,5.8,2.6,17.5,42.0,3.0,45.0,52.0,605.0,55.0,31.9,0.0,0.0,0.0,1001.0,311.0,875.0
906.025,7.5,2.6,18.8,42.0,6.0,45.0,52.0,605.0,55.0,31.9,0.0,0.0,0.0,1001.0,310.0,875.0
907.027,7.9,3.2,22.7,42.0,1.0,45.0,51.0,605.0,55.0,31.9,0.1,0.1,0.1,1001.0,310.0,875.0
908.034,6.3,1.2,16.9,42.0,8.0,45.0,52.0,606.0,55.0,31.9,0.7,1.4,0.0,1001.0,310.0,875.0
909.041,9.4,3.2,22.7,41.8,3.0,45.0,52.0,605.0,55.0,31.9,0.5,0.7,0.0,1001.0,310.0,875.0
910.027,11.5,3.2,25.0,41.8,1.0,45.0,51.0,605.0,55.0,31.9,0.5,0.6,0.4,1004.0,310.0,875.0
911.039,7.9,2.1,18.5,41.8,6.0,45.0,52.0,605.0,55.0,31.9,0.9,1.6,0.4,1004.0,310.0,875.0
912.037,7.7,3.1,19.1,41.8,4.0,45.0,52.0,606.0,55.0,31.9,0.1,0.0,1.2,1004.0,310.0,875.0
913.024,10.2,3.2,28.6,41.8,3.0,45.0,52.0,606.0,55.0,31.9,0.0,0.0,0.1,1004.0,310.0,875.0
914.046,5.6,3.2,12.1,41.8,3.0,45.0,52.0,605.0,55.0,31.9,0.5,0.9,0.4,1001.0,311.0,876.0
915.035,5.0,3.2,12.7,41.8,4.0,45.0,52.0,604.0,54.9,31.9,0.7,1.5,0.1,1001.0,311.0,876.0
916.034,13.6,2.6,26.6,41.8,6.0,45.0,52.0,605.0,55.0,31.9,0.2,0.3,0.0,1001.0,311.0,876.0
917.024,8.5,3.2,17.2,41.3,3.0,45.0,52.0,605.0,55.0,31.9,0.0,0.0,1.1,1001.0,311.0,876.0
918.04,6.0,3.2,16.9,41.3,4.0,45.0,52.0,605.0,55.0,31.9,0.1,0.1,0.2,1001.0,311.0,875.0
919.065,13.1,3.2,24.6,41.3,5.0,45.0,52.0,605.0,55.0,31.9,2.2,4.1,0.2,1001.0,311.0,875.0
920.032,12.2,3.2,29.7,41.3,4.0,45.0,52.0,604.0,55.0,31.9,1.7,3.0,0.5,1001.0,311.0,875.0
921.035,8.7,2.8,21.9,42.0,10.0,45.0,52.0,604.0,55.0,31.9,0.2,0.1,0.0,1001.0,311.0,875.0
922.033,9.3,2.8,20.6,42.0,13.0,45.0,52.0,604.0,55.0,31.9,0.1,0.1,0.2,1002.0,311.0,874.0
923.041,8.7,3.2,17.2,42.0,4.0,45.0,52.0,603.0,55.0,31.9,1.5,2.6,0.0,1002.0,311.0,874.0
924.049,12.0,3.2,32.9,42.0,7.0,44.0,51.0,604.0,55.0,31.9,0.8,1.4,0.2,1002.0,311.0,874.0
925.025,10.8,3.2,25.4,41.8,8.0,45.0,51.0,605.0,55.0,31.9,1.2,2.2,0.1,1002.0,311.0,874.0
926.034,12.8,3.2,26.9,41.8,7.0,45.0,52.0,604.0,55.0,31.9,1.5,2.7,0.3,1000.0,310.0,877.0
927.045,7.5,3.2,17.4,41.8,11.0,45.0,52.0,604.0,54.9,31.9,0.1,0.1,0.3,1000.0,310.0,877.0
928.037,11.3,3.2,26.1,41.8,6.0,45.0,52.0,604.0,55.0,31.9,1.2,2.1,0.5,1000.0,310.0,877.0
929.049,7.3,2.8,22.7,42.0,4.0,45.0,52.0,604.0,55.0,31.9,0.1,0.1,0.6,1000.0,310.0,877.0
930.025,9.1,3.2,17.7,42.0,3.0,45.0,52.0,604.0,55.0,31.9,0.2,0.2,0.3,1003.0,310.0,875.0
931.025,10.0,2.9,27.8,42.0,19.0,44.0,52.0,605.0,55.0,31.9,0.1,0.0,0.1,1003.0,310.0,875.0
932.025,12.9,3.2,27.1,42.0,11.0,44.0,52.0,605.0,55.0,31.9,2.0,3.8,0.4,1003.0,310.0,875.0
933.035,12.5,1.2,29.2,41.8,4.0,45.0,51.0,605.0,55.0,31.9,1.7,2.9,0.0,1003.0,310.0,875.0
934.027,10.4,3.2,28.6,41.8,11.0,45.0,52.0,605.0,55.0,31.9,0.1,0.1,0.0,1002.0,311.0,875.0
935.032,6.7,3.2,21.5,41.8,10.0,45.0,52.0,605.0,55.0,31.9,0.0,0.0,0.0,1002.0,311.0,875.0
936.047,10.8,3.2,26.8,41.8,7.0,44.0,51.0,604.0,55.0,31.9,0.2,0.2,0.0,1002.0,311.0,875.0
937.027,7.0,2.6,16.1,41.5,9.0,45.0,52.0,604.0,55.0,31.9,0.1,0.1,0.2,1002.0,311.0,875.0
938.039,8.9,1.3,19.4,41.5,4.0,45.0,51.0,605.0,55.0,31.9,0.1,0.1,0.3,1001.0,311.0,876.0
939.035,9.5,3.2,21.5,41.5,8.0,45.0,51.0,604.0,55.0,31.9,0.1,0.2,0.5,1001.0,311.0,876.0
940.044,10.5,3.2,24.6,41.5,6.0,45.0,52.0,604.0,55.0,31.9,2.5,4.7,0.4,1001.0,311.0,876.0
941.043,11.9,2.5,25.7,41.8,4.0,45.0,51.0,604.0,55.0,31.9,0.4,0.3,0.1,1001.0,311.0,876.0
942.057,15.7,3.2,36.6,41.8,6.0,45.0,51.0,604.0,55.0,31.9,0.1,0.2,0.3,1001.0,311.0,875.0
943.037,19.7,3.2,43.2,41.8,6.0,45.0,52.0,604.0,54.8,31.9,0.1,0.1,0.0,1001.0,311.0,875.0
944.043,16.2,3.2,30.3,41.8,2.0,45.0,52.0,604.0,54.9,31.9,1.6,3.1,1.8,1001.0,311.0,875.0
945.039,10.6,3.2,31.7,42.0,14.0,45.0,52.0,604.0,54.9,31.9,0.4,0.7,0.1,1001.0,311.0,875.0
946.037,7.0,3.2,18.8,42.0,5.0,45.0,52.0,604.0,54.9,31.9,0.4,0.7,0.1,1003.0,311.0,874.0
947.03,6.1,3.2,14.3,42.0,4.0,45.0,52.0,604.0,54.9,31.9,0.1,0.2,0.1,1003.0,311.0,874.0
948.025,7.6,1.9,24.6,42.0,3.0,45.0,52.0,604.0,54.9,31.9,0.1,0.1,0.0,1003.0,311.0,874.0
949.032,11.9,2.3,29.2,42.0,6.0,45.0,52.0,604.0,55.0,31.9,0.9,1.7,0.1,1003.0,311.0,874.0
950.034,10.1,1.2,26.6,42.0,5.0,44.0,52.0,603.0,54.8,31.9,0.3,0.2,0.0,1000.0,311.0,875.0
951.032,12.7,3.2,26.6,42.0,5.0,45.0,52.0,602.0,54.9,31.9,0.3,0.4,0.5,1000.0,311.0,875.0
952.032,9.8,3.2,35.1,42.0,10.0,45.0,52.0,602.0,54.9,31.9,0.1,0.1,0.0,1000.0,311.0,875.0
953.037,10.9,3.2,29.6,41.3,2.0,45.0,52.0,602.0,55.0,31.9,0.3,0.5,1.1,1000.0,311.0,875.0
954.024,9.1,3.2,28.1,41.3,1.0,45.0,52.0,602.0,54.9,31.9,0.8,1.5,0.0,1003.0,311.0,875.0
955.04,8.7,3.2,21.5,41.3,7.0,45.0,52.0,602.0,54.9,31.9,0.2,0.2,0.1,1003.0,311.0,875.0
956.025,6.9,3.2,22.4,41.3,8.0,45.0,52.0,602.0,54.9,31.9,0.6,1.1,0.2,1003.0,311.0,875.0
957.036,7.1,3.2,21.4,41.8,2.0,45.0,52.0,602.0,54.9,31.9,0.2,0.2,0.3,1003.0,311.0,875.0
958.025,12.1,3.2,28.8,41.8,6.0,45.0,52.0,601.0,54.9,31.9,1.4,2.6,0.8,1002.0,311.0,874.0
959.024,14.9,3.2,34.8,41.8,7.0,45.0,52.0,601.0,54.9,31.9,0.2,0.2,2.2,1002.0,311.0,874.0
